-- Auto-generated Firestore → PostgreSQL migration
-- Idempotent: ON CONFLICT (id) DO NOTHING

-- Add admin_password_hash column if missing
ALTER TABLE system_settings ADD COLUMN IF NOT EXISTS admin_password_hash TEXT;

-- recipients
INSERT INTO recipients (id, family_name, name, middle_name, passport_serial, passport_number, passport_issue_date, birth_date, inn, full_address, city, state, zip_code, phone_number, email, created_at) VALUES ('b43a2b3e-6a0e-5601-9b17-a37f7586bd60', 'Пучкова', 'Виктория', 'Игоревна', '0000', 'BM2868972', '2023-02-21', '1988-01-27', '000000000000', 'Ждановичи, ул. Зеленая, д.33', 'Минск', 'Минск', '101000', '375298991835', 'fandorin25082010@gmail.com', '2026-06-16T15:47:00.091Z') ON CONFLICT (id) DO NOTHING;
INSERT INTO recipients (id, family_name, name, middle_name, passport_serial, passport_number, passport_issue_date, birth_date, inn, full_address, city, state, zip_code, phone_number, email, created_at) VALUES ('7ec8422d-2a0d-5f7c-8624-a78ab25ae24b', 'Соловьёв', 'Артём', 'Витальевич', '0000', 'MC3281622', '2020-08-07', '2006-10-04', '000000000000', 'Ждановичи, ул. Зеленая, д.33', 'Минск', 'Минск', '101000', '375447556666', 'artem2sv@gmail.com', '2026-06-16T15:38:14.803Z') ON CONFLICT (id) DO NOTHING;
INSERT INTO recipients (id, family_name, name, middle_name, passport_serial, passport_number, passport_issue_date, birth_date, inn, full_address, city, state, zip_code, phone_number, email, created_at) VALUES ('73be0c7e-c121-535a-8a60-27015327df07', 'Шубин', 'Евгений', 'Александрович', '6621', '076484', '2021-08-30', '1983-12-30', '673212027089', 'Ждановичи, ул. Зеленая, д.33', 'Минск', 'Минск', '101000', '79211801343', 'traglodit23@gmail.com', '2026-06-16T12:27:35.219Z') ON CONFLICT (id) DO NOTHING;
INSERT INTO recipients (id, family_name, name, middle_name, passport_serial, passport_number, passport_issue_date, birth_date, inn, full_address, city, state, zip_code, phone_number, email, created_at) VALUES ('89b6a24f-562f-5aa7-9a54-608e4fb55e8b', 'Шпак', 'Дмитрий', 'Михайлович', '0000', 'PD0208485', '2023-11-08', '1984-10-24', '000000000000', 'Ждановичи, ул. Зеленая, д.33', 'Минск', 'Минск', '101000', '375447100300', 'the.shpak@gmail.com', '2026-06-16T15:42:26.156Z') ON CONFLICT (id) DO NOTHING;
INSERT INTO recipients (id, family_name, name, middle_name, passport_serial, passport_number, passport_issue_date, birth_date, inn, full_address, city, state, zip_code, phone_number, email, created_at) VALUES ('086f3d86-ac23-59de-97d4-fd90561cc1b1', 'Пучков', 'Андрей', 'Иванович', '0000', 'BM3107504', '2025-05-12', NULL, '000000000000', 'Ждановичи, ул. Зеленая, д.33', 'Минск', 'Минск', '101000', '375297104259', 'katalonfandorin2026@gmail.com', '2026-06-16T15:48:07.649Z') ON CONFLICT (id) DO NOTHING;
INSERT INTO recipients (id, family_name, name, middle_name, passport_serial, passport_number, passport_issue_date, birth_date, inn, full_address, city, state, zip_code, phone_number, email, created_at) VALUES ('d4c3dfe3-8b3c-521c-964b-f8597756d2f9', 'Шубина', 'Алёна', 'Сергеевна', '0000', 'BM2894715', '2023-05-24', '1994-07-20', '000000000000', 'Ждановичи, ул. Зеленая, д.33', 'Минск', 'Минск', '101000', '375295111833', 'smmlabacom@yandex.ru', '2026-06-16T15:50:25.536Z') ON CONFLICT (id) DO NOTHING;
INSERT INTO recipients (id, family_name, name, middle_name, passport_serial, passport_number, passport_issue_date, birth_date, inn, full_address, city, state, zip_code, phone_number, email, created_at) VALUES ('fb1dd838-ed72-545e-a23f-367551d63c2a', 'Соловьёв', 'Игорь', 'Николаевич', '0000', 'BM2569783', '2018-09-26', '1964-05-25', '000000000000', 'Ждановичи, ул. Зеленая, д.33', 'Минск', 'Минск', '101000', '375292978585', 'traglodit25@gmail.com', '2026-06-16T14:58:49.503Z') ON CONFLICT (id) DO NOTHING;
INSERT INTO recipients (id, family_name, name, middle_name, passport_serial, passport_number, passport_issue_date, birth_date, inn, full_address, city, state, zip_code, phone_number, email, created_at) VALUES ('2e105bc9-060e-519d-9bd7-88a8aea51b42', 'Шубин', 'Евгений', 'Александрович', '0000', 'BM2815189', '2022-06-16', '1983-12-30', '000000000000', 'Ждановичи, ул. Зеленая, д.33', 'Минск', 'Минск', '101000', '375297142221', 'interalians2@yandex.ru', '2026-06-16T15:49:26.797Z') ON CONFLICT (id) DO NOTHING;
INSERT INTO recipients (id, family_name, name, middle_name, passport_serial, passport_number, passport_issue_date, birth_date, inn, full_address, city, state, zip_code, phone_number, email, created_at) VALUES ('8602dd0d-0944-54d8-843e-6441f4f85c95', 'Соловьёв', 'Виталий', 'Игоревич', '6616', '868509', '2017-02-22', '1986-08-22', '501719417617', 'Ждановичи, ул. Зеленая, д.33', 'Минск', 'Минск', '101000', '79206660401', 'traglodit22@gmail.com', '2026-06-16T11:46:11.598Z') ON CONFLICT (id) DO NOTHING;
INSERT INTO recipients (id, family_name, name, middle_name, passport_serial, passport_number, passport_issue_date, birth_date, inn, full_address, city, state, zip_code, phone_number, email, created_at) VALUES ('679660dd-4891-5e9b-bcee-dc1479fdbf7d', 'Бирич', 'Доминика', 'Николаевна', '0000', 'MC3332453', '2021-05-06', '2007-07-15', '000000000000', 'Ждановичи, ул. Зеленая, д.33', 'Минск', 'Минск', '101000', '375447581570', 'birychdominika@gmail.com', '2026-06-16T15:41:07.093Z') ON CONFLICT (id) DO NOTHING;
INSERT INTO recipients (id, family_name, name, middle_name, passport_serial, passport_number, passport_issue_date, birth_date, inn, full_address, city, state, zip_code, phone_number, email, created_at) VALUES ('e39f3653-a0d0-5f81-a380-a2c995cd87cf', 'Соловьёва', 'Надежда', 'Сергеевна', '0000', 'BM2530478', '2018-05-15', '1988-01-11', '000000000000', 'Ждановичи, ул. Зеленая, д.33', 'Минск', 'Минск', '101000', '375291141414', 'nadina2s@gmail.com', '2026-06-16T13:58:19.287Z') ON CONFLICT (id) DO NOTHING;
INSERT INTO recipients (id, family_name, name, middle_name, passport_serial, passport_number, passport_issue_date, birth_date, inn, full_address, city, state, zip_code, phone_number, email, created_at) VALUES ('f8b71565-efa7-5174-ba77-94a14c26eb3c', 'Шпак', 'Алина', 'Александровна', '0000', 'MC3381530', '2021-12-02', '1996-03-27', '000000000000', 'Ждановичи, ул. Зеленая, д.33', 'Минск', 'Минск', '101000', '375259166527', 'Alina27.03.96@yandex.by', '2026-06-16T15:43:28.409Z') ON CONFLICT (id) DO NOTHING;
INSERT INTO recipients (id, family_name, name, middle_name, passport_serial, passport_number, passport_issue_date, birth_date, inn, full_address, city, state, zip_code, phone_number, email, created_at) VALUES ('2b812bd8-133f-5d34-b3c4-1cff45d27bfb', 'Соловьёва', 'Нина', 'Альбертовна', '0000', 'BM2569782', '2018-09-26', '1964-01-09', '000000000000', 'Ждановичи, ул. Зеленая, д.33', 'Минск', 'Минск', '101000', '375297188746', 'ninka29a@gmail.com', '2026-06-16T15:36:54.383Z') ON CONFLICT (id) DO NOTHING;

-- employees
INSERT INTO employees (id, name, role, hourly_rate, tracker_email, telegram_id, active, created_at) VALUES ('b6ec01c0-d9fe-5c59-b51d-41422721915c', 'Вика Пучкова', 'Сотрудник поддержки', 345, 'fandorin25082010@gmail.com', NULL, TRUE, '2026-06-16T16:58:37.721Z') ON CONFLICT (id) DO NOTHING;
INSERT INTO employees (id, name, role, hourly_rate, tracker_email, telegram_id, active, created_at) VALUES ('ebb45d76-f38d-5753-bbbb-bd7e49e8005b', 'Алёна Шубина', 'Сотрудник поддержки', 345, 'helen3pav1@gmail.com', NULL, TRUE, '2026-06-16T16:57:02.728Z') ON CONFLICT (id) DO NOTHING;
INSERT INTO employees (id, name, role, hourly_rate, tracker_email, telegram_id, active, created_at) VALUES ('9a423c3e-a0cc-5aee-a255-9e97ffb44161', 'Артём Соловьёв', 'Управляющий', 500, 'artem2sv@icloud.com', NULL, TRUE, '2026-06-16T16:44:15.308Z') ON CONFLICT (id) DO NOTHING;
INSERT INTO employees (id, name, role, hourly_rate, tracker_email, telegram_id, active, created_at) VALUES ('abcdd2df-4841-53a2-a64c-16ed71dc6b97', 'Ирина Ирина', 'Сотрудник поддержки', 345, 'irinagavrilenkova0@gmail.com', NULL, TRUE, '2026-06-16T17:01:07.626Z') ON CONFLICT (id) DO NOTHING;
INSERT INTO employees (id, name, role, hourly_rate, tracker_email, telegram_id, active, created_at) VALUES ('d504ebdb-4476-56d9-98c2-8743cadfce1b', 'Нина Соловьёва', 'Заказчик', 345, 'ninka29a@gmail.com', NULL, TRUE, '2026-06-16T16:58:52.670Z') ON CONFLICT (id) DO NOTHING;
INSERT INTO employees (id, name, role, hourly_rate, tracker_email, telegram_id, active, created_at) VALUES ('92be4100-6ef0-514a-8c77-a7ce9c75eb63', 'Игорь Соловьёв', 'Заказчик', 345, 'traglodit25@gmail.com', NULL, TRUE, '2026-06-16T16:57:50.975Z') ON CONFLICT (id) DO NOTHING;
INSERT INTO employees (id, name, role, hourly_rate, tracker_email, telegram_id, active, created_at) VALUES ('0adf6f8b-837c-5475-87b7-59aa4781606a', 'Андрей Пучков', 'Сотрудник поддержки', 345, 'fandorin2007@bk.ru', NULL, TRUE, '2026-06-16T16:48:23.698Z') ON CONFLICT (id) DO NOTHING;
INSERT INTO employees (id, name, role, hourly_rate, tracker_email, telegram_id, active, created_at) VALUES ('70347273-6bef-50af-9b69-fb04093f40f7', 'Алексей', 'Сотрудник поддержки', 345, 'vertigo.by@gmail.com', NULL, TRUE, '2026-06-16T16:45:43.236Z') ON CONFLICT (id) DO NOTHING;
INSERT INTO employees (id, name, role, hourly_rate, tracker_email, telegram_id, active, created_at) VALUES ('7275907b-1fd0-53de-b569-00b5e6ace30a', 'Богдан', 'Сотрудник поддержки', 345, 'bodya333@gmail.com', NULL, TRUE, '2026-06-16T17:01:42.434Z') ON CONFLICT (id) DO NOTHING;
INSERT INTO employees (id, name, role, hourly_rate, tracker_email, telegram_id, active, created_at) VALUES ('764ad3e4-b05b-5c48-a973-8422f6083db1', 'Дина', 'Подменщица', 345, 'racinskaad@gmail.com', NULL, TRUE, '2026-06-16T17:01:27.758Z') ON CONFLICT (id) DO NOTHING;
INSERT INTO employees (id, name, role, hourly_rate, tracker_email, telegram_id, active, created_at) VALUES ('80bc9112-0c93-5125-a2df-3ba33f77968d', 'Ника Бирич', 'Управляющий', 500, 'traglodit22@gmail.com', NULL, TRUE, '2026-06-16T16:45:22.031Z') ON CONFLICT (id) DO NOTHING;
INSERT INTO employees (id, name, role, hourly_rate, tracker_email, telegram_id, active, created_at) VALUES ('ab90af6b-b65b-5de6-a58b-c47ace2bb796', 'Артем Карелин', 'Сотрудник поддержки', 345, 'karelin251197@gmail.com', NULL, TRUE, '2026-06-16T17:00:45.272Z') ON CONFLICT (id) DO NOTHING;
INSERT INTO employees (id, name, role, hourly_rate, tracker_email, telegram_id, active, created_at) VALUES ('9eb3acd0-2e3a-53bd-bcef-3499ab3f304d', 'Софьен', 'програмист', 0, 'citizendeolin2014@gmail.com', NULL, TRUE, '2026-06-16T16:57:31.267Z') ON CONFLICT (id) DO NOTHING;
INSERT INTO employees (id, name, role, hourly_rate, tracker_email, telegram_id, active, created_at) VALUES ('98dd0e38-1e8f-5bc9-9732-4f2a59899bb3', 'Алина Шпак', 'Сотрудник поддержки', 345, 'the.shpak@gmail.com', NULL, TRUE, '2026-06-16T17:00:31.633Z') ON CONFLICT (id) DO NOTHING;

-- orders
INSERT INTO orders (id, item_description, number_of_item_pieces, item_price, item_store_link, store, incoming_declaration, total_amount, status, recipient_id, dp_shipment_id, dp_track_number, dp_status_id, dp_status_name, dp_weight_kg, last_error, created_at, updated_at) VALUES ('578bb56e-181d-5363-92cc-6371e6d8a855', 'Lego 71439 б.у. конструктор', 1, 170, 'https://www.goofish.com/item?spm=a21ybx.search.searchFeedList.19.1ea5f798be3roG&id=1043571414530&categoryId=126862797', 'GooFish', '773426632978237', 170, 'sent', '2e105bc9-060e-519d-9bd7-88a8aea51b42', 146880, NULL, 7, 'Поступил на таможню в Китае', 0.467, NULL, '2026-06-16T17:02:07.836Z', '2026-06-20T06:03:05.417Z') ON CONFLICT (id) DO NOTHING;
INSERT INTO orders (id, item_description, number_of_item_pieces, item_price, item_store_link, store, incoming_declaration, total_amount, status, recipient_id, dp_shipment_id, dp_track_number, dp_status_id, dp_status_name, dp_weight_kg, last_error, created_at, updated_at) VALUES ('ce4b8fdd-bf20-5684-894d-fe0d0b1b499a', 'Lego 71431 б.у. конструктор', 1, 96, 'https://www.goofish.com/item?spm=a21ybx.search.searchFeedList.14.1089551fk9PNIB&id=1052090465085&categoryId=126862797', 'GooFish', 'YT2543582292496', 96, 'sent', 'b43a2b3e-6a0e-5601-9b17-a37f7586bd60', 146878, NULL, 500, 'Начало таможенного оформления', 0.716, NULL, '2026-06-16T17:00:41.944Z', '2026-06-20T17:30:17.382Z') ON CONFLICT (id) DO NOTHING;
INSERT INTO orders (id, item_description, number_of_item_pieces, item_price, item_store_link, store, incoming_declaration, total_amount, status, recipient_id, dp_shipment_id, dp_track_number, dp_status_id, dp_status_name, dp_weight_kg, last_error, created_at, updated_at) VALUES ('9c257480-c519-5d1b-bd53-bcc0139af39c', 'Смеситель для раковины', 2, 135, 'https://detail.1688.com/offer/758088203400.html?spm=a360q.7751291.0.0.283629a87DZMyT&sk=common', '1688', '465427834145295', 270, 'sent', '8602dd0d-0944-54d8-843e-6441f4f85c95', 147347, NULL, 1, 'Ожидается на складе', NULL, NULL, '2026-06-17T15:31:42.286Z', '2026-06-18T07:02:28.753Z') ON CONFLICT (id) DO NOTHING;
INSERT INTO orders (id, item_description, number_of_item_pieces, item_price, item_store_link, store, incoming_declaration, total_amount, status, recipient_id, dp_shipment_id, dp_track_number, dp_status_id, dp_status_name, dp_weight_kg, last_error, created_at, updated_at) VALUES ('14052f97-659e-5f0b-b739-0c7d079a1f77', 'Lego 40307 б.у. конструктор', 1, 58, 'https://www.goofish.com/item?spm=a21ybx.search.searchFeedList.1.3dd56621x8v1ZQ&id=767591412791&categoryId=126862887', 'GooFish', 'JDX055544767571', 58, 'sent', 'fb1dd838-ed72-545e-a23f-367551d63c2a', 147693, NULL, 1, 'Ожидается на складе', NULL, NULL, '2026-06-18T07:48:02.139Z', '2026-06-19T04:58:17.220Z') ON CONFLICT (id) DO NOTHING;
INSERT INTO orders (id, item_description, number_of_item_pieces, item_price, item_store_link, store, incoming_declaration, total_amount, status, recipient_id, dp_shipment_id, dp_track_number, dp_status_id, dp_status_name, dp_weight_kg, last_error, created_at, updated_at) VALUES ('c0ce3534-7f23-543d-87e0-50cda69ad5f1', 'Декор для сада в виде грибов', 3, 88, 'https://detail.1688.com/offer/974098011219.html?spm=a360q.8274423/new.goods.productname', '1688', '773426669556635', 264, 'sent', '679660dd-4891-5e9b-bcee-dc1479fdbf7d', 146927, NULL, 7, 'Поступил на таможню в Китае', 2, NULL, '2026-06-16T18:55:08.664Z', '2026-06-19T04:49:03.704Z') ON CONFLICT (id) DO NOTHING;
INSERT INTO orders (id, item_description, number_of_item_pieces, item_price, item_store_link, store, incoming_declaration, total_amount, status, recipient_id, dp_shipment_id, dp_track_number, dp_status_id, dp_status_name, dp_weight_kg, last_error, created_at, updated_at) VALUES ('24eec645-f3a2-54c1-b62b-f50630cf98aa', 'Lego 40687 б.у. конструктор', 1, 88, 'https://www.goofish.com/item?spm=a21ybx.search.searchFeedList.21.56424582VjfVZD&id=1055457485245&categoryId=126862797', 'GooFish', '772067222632421', 88, 'sent', '89b6a24f-562f-5aa7-9a54-608e4fb55e8b', 146889, NULL, 7, 'Поступил на таможню в Китае', 0.578, NULL, '2026-06-16T18:30:04.679Z', '2026-06-19T04:49:03.704Z') ON CONFLICT (id) DO NOTHING;
INSERT INTO orders (id, item_description, number_of_item_pieces, item_price, item_store_link, store, incoming_declaration, total_amount, status, recipient_id, dp_shipment_id, dp_track_number, dp_status_id, dp_status_name, dp_weight_kg, last_error, created_at, updated_at) VALUES ('56ef1407-7af9-58e1-b75f-212a2c7d411d', 'Стул для дома', 2, 158, 'https://detail.1688.com/offer/1040300912591.html?spm=a360q.8274423/new.goods.productname', '1688', '710089141451', 316, 'sent', '8602dd0d-0944-54d8-843e-6441f4f85c95', 148013, NULL, 1, 'Ожидается на складе', NULL, NULL, '2026-06-18T07:32:18.368Z', '2026-06-20T07:14:33.997Z') ON CONFLICT (id) DO NOTHING;
INSERT INTO orders (id, item_description, number_of_item_pieces, item_price, item_store_link, store, incoming_declaration, total_amount, status, recipient_id, dp_shipment_id, dp_track_number, dp_status_id, dp_status_name, dp_weight_kg, last_error, created_at, updated_at) VALUES ('ff386e02-eed9-5e9b-9ecd-b04b30ef8c93', 'Lego 40685 б.у. конструктор', 1, 75, 'https://mobile.yangkeduo.com/goods1.html?ps=Y2ZD4e3rT5', 'PinDuoDuo', 'JT9001768062712', 75, 'sent', 'b43a2b3e-6a0e-5601-9b17-a37f7586bd60', 146891, NULL, 500, 'Начало таможенного оформления', 0.5, NULL, '2026-06-16T18:32:52.578Z', '2026-06-20T17:30:17.382Z') ON CONFLICT (id) DO NOTHING;
INSERT INTO orders (id, item_description, number_of_item_pieces, item_price, item_store_link, store, incoming_declaration, total_amount, status, recipient_id, dp_shipment_id, dp_track_number, dp_status_id, dp_status_name, dp_weight_kg, last_error, created_at, updated_at) VALUES ('a9c62fae-e976-58c1-a13d-4366e3c240b8', 'Светильник для садового участка', 1, 87, 'https://mobile.yangkeduo.com/goods1.html?ps=zdbGuhSid2', 'PinDuoDuo', 'DPK317136970064', 87, 'sent', '2e105bc9-060e-519d-9bd7-88a8aea51b42', 146919, NULL, 500, 'Начало таможенного оформления', 5, NULL, '2026-06-16T18:50:58.702Z', '2026-06-20T17:30:17.382Z') ON CONFLICT (id) DO NOTHING;
INSERT INTO orders (id, item_description, number_of_item_pieces, item_price, item_store_link, store, incoming_declaration, total_amount, status, recipient_id, dp_shipment_id, dp_track_number, dp_status_id, dp_status_name, dp_weight_kg, last_error, created_at, updated_at) VALUES ('8e5f78f7-1bdb-59ee-a4d4-0911ed3d0949', 'Микрофон JBL VM300', 1, 350, 'https://www.goofish.com/item?spm=a21ybx.search.searchFeedList.5.1e0640abZwph4m&id=1032901254651&categoryId=126864992', 'GooFish', '610078275374', 350, 'sent', 'd4c3dfe3-8b3c-521c-964b-f8597756d2f9', 146977, NULL, 1, 'Ожидается на складе', NULL, NULL, '2026-06-16T13:41:01.528Z', '2026-06-17T07:59:25.015Z') ON CONFLICT (id) DO NOTHING;
INSERT INTO orders (id, item_description, number_of_item_pieces, item_price, item_store_link, store, incoming_declaration, total_amount, status, recipient_id, dp_shipment_id, dp_track_number, dp_status_id, dp_status_name, dp_weight_kg, last_error, created_at, updated_at) VALUES ('23338138-0f59-5fc0-9dc0-e6dd14524740', 'Lego 43262 б.у. конструктор', 1, 245, 'https://mobile.yangkeduo.com/goods2.html?ps=eicJ3VY9xJ', 'PinDuoDuo', 'YT8878812536461', 245, 'sent', '89b6a24f-562f-5aa7-9a54-608e4fb55e8b', 147681, NULL, 1, 'Ожидается на складе', NULL, NULL, '2026-06-18T09:32:48.668Z', '2026-06-19T04:50:25.426Z') ON CONFLICT (id) DO NOTHING;
INSERT INTO orders (id, item_description, number_of_item_pieces, item_price, item_store_link, store, incoming_declaration, total_amount, status, recipient_id, dp_shipment_id, dp_track_number, dp_status_id, dp_status_name, dp_weight_kg, last_error, created_at, updated_at) VALUES ('04b40552-77b8-5af5-9d0c-a8eb96aba724', 'Нож для арбуза', 1, 43, 'https://mobile.yangkeduo.com/mall_page.html?ps=bX0MVa7QUg', 'PinDuoDuo', '777418431857026', 43, 'sent', 'e39f3653-a0d0-5f81-a380-a2c995cd87cf', 146868, NULL, 7, 'Поступил на таможню в Китае', 0.38, NULL, '2026-06-16T16:06:35.330Z', '2026-06-20T06:03:05.417Z') ON CONFLICT (id) DO NOTHING;
INSERT INTO orders (id, item_description, number_of_item_pieces, item_price, item_store_link, store, incoming_declaration, total_amount, status, recipient_id, dp_shipment_id, dp_track_number, dp_status_id, dp_status_name, dp_weight_kg, last_error, created_at, updated_at) VALUES ('118f5504-1401-57d6-b15c-eb4e9e58f8f4', 'Комплект халатов', 3, 137, 'https://detail.1688.com/offer/632369390913.html?spm=a360q.8274423%2Fnew.goods.productname', '1688', NULL, 411, 'awaiting_track', NULL, NULL, NULL, NULL, NULL, NULL, NULL, '2026-06-17T06:30:50.732Z', '2026-06-17T06:30:50.732Z') ON CONFLICT (id) DO NOTHING;
INSERT INTO orders (id, item_description, number_of_item_pieces, item_price, item_store_link, store, incoming_declaration, total_amount, status, recipient_id, dp_shipment_id, dp_track_number, dp_status_id, dp_status_name, dp_weight_kg, last_error, created_at, updated_at) VALUES ('19c1db50-91cb-50f2-a3b7-52bc260b9311', 'Lego 71821 б.у. конструктор', 1, 314, 'https://www.goofish.com/item?spm=a21ybx.search.searchFeedList.11.965e4e13twIVg3&id=1049139058326&categoryId=126862797', 'GooFish', '772067266830345', 314, 'sent', '7ec8422d-2a0d-5f7c-8624-a78ab25ae24b', 146926, NULL, 500, 'Начало таможенного оформления', 1.155, NULL, '2026-06-16T18:54:41.998Z', '2026-06-20T17:30:17.382Z') ON CONFLICT (id) DO NOTHING;
INSERT INTO orders (id, item_description, number_of_item_pieces, item_price, item_store_link, store, incoming_declaration, total_amount, status, recipient_id, dp_shipment_id, dp_track_number, dp_status_id, dp_status_name, dp_weight_kg, last_error, created_at, updated_at) VALUES ('1f06fdef-a38f-5003-8c0e-46561d10fe49', 'Стул для дома', 2, 158, 'https://detail.1688.com/offer/1040300912591.html?spm=a360q.8274423/new.goods.productname', '1688', '760231973065', 316, 'sent', '89b6a24f-562f-5aa7-9a54-608e4fb55e8b', 146902, NULL, 5, 'Добавлен в реестр', 21.6, NULL, '2026-06-16T18:36:42.592Z', '2026-06-20T07:59:06.845Z') ON CONFLICT (id) DO NOTHING;
INSERT INTO orders (id, item_description, number_of_item_pieces, item_price, item_store_link, store, incoming_declaration, total_amount, status, recipient_id, dp_shipment_id, dp_track_number, dp_status_id, dp_status_name, dp_weight_kg, last_error, created_at, updated_at) VALUES ('de178047-65aa-5cb2-8c28-34fdca8ba105', 'Стул для дома', 2, 158, 'https://detail.1688.com/offer/1040300912591.html?spm=a360q.8274423/new.goods.productname', '1688', '760232127729', 316, 'sent', 'b43a2b3e-6a0e-5601-9b17-a37f7586bd60', 146904, NULL, 500, 'Начало таможенного оформления', 22.2, NULL, '2026-06-16T18:43:03.033Z', '2026-06-20T17:30:17.382Z') ON CONFLICT (id) DO NOTHING;
INSERT INTO orders (id, item_description, number_of_item_pieces, item_price, item_store_link, store, incoming_declaration, total_amount, status, recipient_id, dp_shipment_id, dp_track_number, dp_status_id, dp_status_name, dp_weight_kg, last_error, created_at, updated_at) VALUES ('1d1a8c37-b484-51bf-a780-f0f93ca22c18', 'Костюм спортивный коричневый', 1, 55, 'https://mobile.yangkeduo.com/goods1.html?ps=PY6I5YpNuS', 'PinDuoDuo', 'JT3167191855915', 55, 'sent', 'fb1dd838-ed72-545e-a23f-367551d63c2a', 147028, NULL, 5, 'Добавлен в реестр', 0.018, NULL, '2026-06-16T13:42:31.591Z', '2026-06-20T09:16:58.414Z') ON CONFLICT (id) DO NOTHING;
INSERT INTO orders (id, item_description, number_of_item_pieces, item_price, item_store_link, store, incoming_declaration, total_amount, status, recipient_id, dp_shipment_id, dp_track_number, dp_status_id, dp_status_name, dp_weight_kg, last_error, created_at, updated_at) VALUES ('910aacfc-080d-542f-9a56-6a6aafaf70ac', 'Lego 43203 б.у. конструктор', 1, 216, 'https://www.goofish.com/item?spm=a21ybx.search.searchFeedList.14.4eab2cc0VVK164&id=1013135964028&categoryId=126862797', 'GooFish', NULL, 216, 'awaiting_track', NULL, NULL, NULL, NULL, NULL, NULL, NULL, '2026-06-18T09:11:50.490Z', '2026-06-18T09:12:01.002Z') ON CONFLICT (id) DO NOTHING;
INSERT INTO orders (id, item_description, number_of_item_pieces, item_price, item_store_link, store, incoming_declaration, total_amount, status, recipient_id, dp_shipment_id, dp_track_number, dp_status_id, dp_status_name, dp_weight_kg, last_error, created_at, updated_at) VALUES ('f49a95bd-622f-5139-a4bc-a3a02668f296', 'Зарядное для ирригатора', 1, 10, 'https://mobile.yangkeduo.com/goods.html?ps=NEqzfJicYY', 'PinDuoDuo', 'JT5496435272329', 10, 'sent', 'e39f3653-a0d0-5f81-a380-a2c995cd87cf', 146855, NULL, 5, 'Добавлен в реестр', 0.049, NULL, '2026-06-16T15:57:04.933Z', '2026-06-20T09:16:58.414Z') ON CONFLICT (id) DO NOTHING;
INSERT INTO orders (id, item_description, number_of_item_pieces, item_price, item_store_link, store, incoming_declaration, total_amount, status, recipient_id, dp_shipment_id, dp_track_number, dp_status_id, dp_status_name, dp_weight_kg, last_error, created_at, updated_at) VALUES ('2b6b1d4b-1e59-5975-8ae8-e786f7dbc9b7', 'Конструктор лего в пакетике', 2, 33, 'https://mobile.yangkeduo.com/goods1.html?ps=6WqagRxaaq', 'PinDuoDuo', 'YT8878417590095', 66, 'sent', '679660dd-4891-5e9b-bcee-dc1479fdbf7d', 146859, NULL, 500, 'Начало таможенного оформления', 0.566, NULL, '2026-06-16T15:59:18.192Z', '2026-06-20T17:30:17.382Z') ON CONFLICT (id) DO NOTHING;
INSERT INTO orders (id, item_description, number_of_item_pieces, item_price, item_store_link, store, incoming_declaration, total_amount, status, recipient_id, dp_shipment_id, dp_track_number, dp_status_id, dp_status_name, dp_weight_kg, last_error, created_at, updated_at) VALUES ('afc0befd-7858-5dac-9dad-876bb5794d99', 'Замок для двери', 2, 95, 'https://mobile.yangkeduo.com/goods1.html?ps=MqMB236uld', 'PinDuoDuo', '79113978353046', 190, 'sent', '2e105bc9-060e-519d-9bd7-88a8aea51b42', 146864, NULL, 7, 'Поступил на таможню в Китае', 4.591, NULL, '2026-06-16T16:02:44.807Z', '2026-06-19T04:49:03.704Z') ON CONFLICT (id) DO NOTHING;
INSERT INTO orders (id, item_description, number_of_item_pieces, item_price, item_store_link, store, incoming_declaration, total_amount, status, recipient_id, dp_shipment_id, dp_track_number, dp_status_id, dp_status_name, dp_weight_kg, last_error, created_at, updated_at) VALUES ('09dc0d36-3051-52f5-88eb-91766fcd536e', 'Lego 75639 б.у. конструктор', 1, 575, 'https://www.goofish.com/item?spm=a21ybx.search.searchFeedList.8.636c3206aajyh6&id=1054093549550&categoryId=126862797', 'GooFish', '772067644295265', 575, 'sent', '679660dd-4891-5e9b-bcee-dc1479fdbf7d', 147403, NULL, 1, 'Ожидается на складе', NULL, NULL, '2026-06-17T10:32:39.113Z', '2026-06-18T09:04:25.677Z') ON CONFLICT (id) DO NOTHING;
INSERT INTO orders (id, item_description, number_of_item_pieces, item_price, item_store_link, store, incoming_declaration, total_amount, status, recipient_id, dp_shipment_id, dp_track_number, dp_status_id, dp_status_name, dp_weight_kg, last_error, created_at, updated_at) VALUES ('e895f13e-a21d-515b-b5c0-8a7f6bc65a79', 'Журнал детский', 1, 88, 'https://www.goofish.com/item?spm=a21ybx.search.searchFeedList.1.2d871750TVTsyp&id=953740622807&categoryId=126862797', 'GooFish', NULL, 88, 'awaiting_track', NULL, NULL, NULL, NULL, NULL, NULL, NULL, '2026-06-16T13:20:03.211Z', '2026-06-16T13:20:03.211Z') ON CONFLICT (id) DO NOTHING;
INSERT INTO orders (id, item_description, number_of_item_pieces, item_price, item_store_link, store, incoming_declaration, total_amount, status, recipient_id, dp_shipment_id, dp_track_number, dp_status_id, dp_status_name, dp_weight_kg, last_error, created_at, updated_at) VALUES ('bd776df7-66e4-5910-82bd-e63e2c061858', 'Уличная мухоловка', 1, 135, 'https://mobile.yangkeduo.com/goods2.html?ps=VyDq29JduQ', 'PinDuoDuo', '79113809074207', 135, 'sent', '8602dd0d-0944-54d8-843e-6441f4f85c95', 146866, NULL, 7, 'Поступил на таможню в Китае', 3.1, NULL, '2026-06-16T16:04:02.313Z', '2026-06-20T06:03:05.417Z') ON CONFLICT (id) DO NOTHING;
INSERT INTO orders (id, item_description, number_of_item_pieces, item_price, item_store_link, store, incoming_declaration, total_amount, status, recipient_id, dp_shipment_id, dp_track_number, dp_status_id, dp_status_name, dp_weight_kg, last_error, created_at, updated_at) VALUES ('5306c980-3806-5104-a01b-a7dba9a785f4', 'Lego 71435 б.у. конструктор', 1, 259, 'https://www.goofish.com/item?spm=a21ybx.search.searchFeedList.6.4eac797eWnZSLL&id=1044757714212&categoryId=126862797', 'GooFish', 'YT7627437026214', 259, 'sent', 'f8b71565-efa7-5174-ba77-94a14c26eb3c', 146877, NULL, 5, 'Добавлен в реестр', 0.769, NULL, '2026-06-16T16:58:16.276Z', '2026-06-20T09:16:58.414Z') ON CONFLICT (id) DO NOTHING;
INSERT INTO orders (id, item_description, number_of_item_pieces, item_price, item_store_link, store, incoming_declaration, total_amount, status, recipient_id, dp_shipment_id, dp_track_number, dp_status_id, dp_status_name, dp_weight_kg, last_error, created_at, updated_at) VALUES ('1be24408-b684-5ec2-bae7-7b346d77b404', 'Автопоилка для животных', 1, 146, 'https://mobile.yangkeduo.com/goods1.html?ps=bfSkpPdmCg', 'PinDuoDuo', 'YT8878206975720', 146, 'sent', '679660dd-4891-5e9b-bcee-dc1479fdbf7d', 146875, NULL, 500, 'Начало таможенного оформления', 1.525, NULL, '2026-06-16T16:54:09.969Z', '2026-06-20T17:30:17.382Z') ON CONFLICT (id) DO NOTHING;
INSERT INTO orders (id, item_description, number_of_item_pieces, item_price, item_store_link, store, incoming_declaration, total_amount, status, recipient_id, dp_shipment_id, dp_track_number, dp_status_id, dp_status_name, dp_weight_kg, last_error, created_at, updated_at) VALUES ('bac5eeac-ffa9-54ad-8c27-3d88a7ba89fc', 'Lego 40600 б.у. конструктор', 1, 92, 'https://www.goofish.com/item?spm=a21ybx.search.searchFeedList.1.9f996bd9UvhaFk&id=1052835295083&categoryId=126862797', 'GooFish', '772067770360995', 92, 'sent', '7ec8422d-2a0d-5f7c-8624-a78ab25ae24b', 147695, NULL, 1, 'Ожидается на складе', NULL, NULL, '2026-06-17T17:15:04.590Z', '2026-06-19T05:00:23.504Z') ON CONFLICT (id) DO NOTHING;
INSERT INTO orders (id, item_description, number_of_item_pieces, item_price, item_store_link, store, incoming_declaration, total_amount, status, recipient_id, dp_shipment_id, dp_track_number, dp_status_id, dp_status_name, dp_weight_kg, last_error, created_at, updated_at) VALUES ('9d9b5e58-47a3-54c0-bc6d-571d2df4dbdb', 'Световая лампа для фотографии', 1, 450, 'https://www.goofish.com/item?spm=a21ybx.search.searchFeedList.21.32bd6bc031aNMX&id=1031924685564&categoryId=126854113', 'GooFish', '73714008915023', 450, 'sent', 'b43a2b3e-6a0e-5601-9b17-a37f7586bd60', 147830, NULL, 1, 'Ожидается на складе', NULL, NULL, '2026-06-18T10:17:08.585Z', '2026-06-19T13:35:15.525Z') ON CONFLICT (id) DO NOTHING;
INSERT INTO orders (id, item_description, number_of_item_pieces, item_price, item_store_link, store, incoming_declaration, total_amount, status, recipient_id, dp_shipment_id, dp_track_number, dp_status_id, dp_status_name, dp_weight_kg, last_error, created_at, updated_at) VALUES ('59e058aa-bda4-5eb0-97ea-5861fab337e8', 'Lego 43195 б.у. конструктор', 1, 100, 'https://www.goofish.com/item?spm=a21ybx.search.searchFeedList.14.d1bc42b7M5XEVR&id=1057172966823&categoryId=126862797', 'GooFish', '773427550935777', 100, 'sent', 'f8b71565-efa7-5174-ba77-94a14c26eb3c', 147822, NULL, 1, 'Ожидается на складе', NULL, NULL, '2026-06-18T08:33:31.181Z', '2026-06-19T13:07:46.509Z') ON CONFLICT (id) DO NOTHING;
INSERT INTO orders (id, item_description, number_of_item_pieces, item_price, item_store_link, store, incoming_declaration, total_amount, status, recipient_id, dp_shipment_id, dp_track_number, dp_status_id, dp_status_name, dp_weight_kg, last_error, created_at, updated_at) VALUES ('1c59caab-fc87-53a7-957d-a1103bbddff0', 'Конструктор лего в пакетике', 3, 28, 'https://item.taobao.com/item.htm?spm=tbpc.boughtlist.suborder_itemtitle.1.14402e8dUGBZ8z&id=1007134900692&mi_id=0000npvXPJ2dBA5ZLsefN1CrvGvkbN4LGst3469tqwS2aqc', 'TaoBao', '79011750334652', 84, 'sent', '89b6a24f-562f-5aa7-9a54-608e4fb55e8b', 146860, NULL, 7, 'Поступил на таможню в Китае', 0.491, NULL, '2026-06-16T15:59:51.893Z', '2026-06-19T04:49:03.704Z') ON CONFLICT (id) DO NOTHING;
INSERT INTO orders (id, item_description, number_of_item_pieces, item_price, item_store_link, store, incoming_declaration, total_amount, status, recipient_id, dp_shipment_id, dp_track_number, dp_status_id, dp_status_name, dp_weight_kg, last_error, created_at, updated_at) VALUES ('64da13bf-411e-5812-87c6-40e9f2d8d7a8', 'Нож для арбуза', 1, 43, 'https://mobile.yangkeduo.com/mall_page.html?ps=bX0MVa7QUg', 'PinDuoDuo', '777418431864080', 43, 'sent', '73be0c7e-c121-535a-8a60-27015327df07', 146867, NULL, 7, 'Поступил на таможню в Китае', 0.151, NULL, '2026-06-16T16:04:28.941Z', '2026-06-20T06:03:05.417Z') ON CONFLICT (id) DO NOTHING;
INSERT INTO orders (id, item_description, number_of_item_pieces, item_price, item_store_link, store, incoming_declaration, total_amount, status, recipient_id, dp_shipment_id, dp_track_number, dp_status_id, dp_status_name, dp_weight_kg, last_error, created_at, updated_at) VALUES ('62f481e0-0189-554f-9d64-0dc4e13c84c8', 'Lego 75393 б.у. конструктор', 1, 494, 'https://www.goofish.com/item?spm=a21ybx.search.searchFeedList.29.564c5702vPLFRw&id=1054009668930&categoryId=126862797', 'GooFish', '772067168115840', 494, 'sent', '8602dd0d-0944-54d8-843e-6441f4f85c95', 146882, NULL, 500, 'Начало таможенного оформления', 1.355, NULL, '2026-06-16T17:08:01.128Z', '2026-06-20T17:30:17.382Z') ON CONFLICT (id) DO NOTHING;
INSERT INTO orders (id, item_description, number_of_item_pieces, item_price, item_store_link, store, incoming_declaration, total_amount, status, recipient_id, dp_shipment_id, dp_track_number, dp_status_id, dp_status_name, dp_weight_kg, last_error, created_at, updated_at) VALUES ('b3aaae00-ca66-5c88-b37b-3ea22db9e34c', 'Полка для ванной', 2, 41, 'https://detail.1688.com/offer/983021037206.html?spm=a360q.8274423/new.goods.productname', '1688', '435226120408681', 82, 'sent', '8602dd0d-0944-54d8-843e-6441f4f85c95', 146853, NULL, 7, 'Поступил на таможню в Китае', 1.191, NULL, '2026-06-16T15:55:21.417Z', '2026-06-19T04:49:03.704Z') ON CONFLICT (id) DO NOTHING;
INSERT INTO orders (id, item_description, number_of_item_pieces, item_price, item_store_link, store, incoming_declaration, total_amount, status, recipient_id, dp_shipment_id, dp_track_number, dp_status_id, dp_status_name, dp_weight_kg, last_error, created_at, updated_at) VALUES ('cc1e58b2-0baf-57da-84a9-0b201b83f9b9', 'Сейф', 1, 296, 'https://mobile.yangkeduo.com/goods2.html?ps=ICl8TgiOQl', 'PinDuoDuo', 'JT5497035893667', 296, 'sent', 'e39f3653-a0d0-5f81-a380-a2c995cd87cf', 147027, NULL, 5, 'Добавлен в реестр', 4.78, NULL, '2026-06-17T08:05:25.965Z', '2026-06-20T09:15:45.654Z') ON CONFLICT (id) DO NOTHING;
INSERT INTO orders (id, item_description, number_of_item_pieces, item_price, item_store_link, store, incoming_declaration, total_amount, status, recipient_id, dp_shipment_id, dp_track_number, dp_status_id, dp_status_name, dp_weight_kg, last_error, created_at, updated_at) VALUES ('3efed30b-09bd-5dc4-a443-f66706425516', 'Комплект тапочек', 1, 655, 'https://detail.1688.com/offer/661031434713.html?spm=a360q.8274423%2Fnew.goods.productname', '1688', NULL, 655, 'awaiting_track', NULL, NULL, NULL, NULL, NULL, NULL, NULL, '2026-06-16T13:41:31.524Z', '2026-06-16T13:41:31.524Z') ON CONFLICT (id) DO NOTHING;
INSERT INTO orders (id, item_description, number_of_item_pieces, item_price, item_store_link, store, incoming_declaration, total_amount, status, recipient_id, dp_shipment_id, dp_track_number, dp_status_id, dp_status_name, dp_weight_kg, last_error, created_at, updated_at) VALUES ('2f29e713-1a70-57b7-8e00-fa5be0a0aa5f', 'Lego 75389 б.у. конструктор', 1, 888, 'https://www.goofish.com/item?spm=a21ybx.search.searchFeedList.6.61145eafesi9vr&id=1058623813929&categoryId=126862797', 'GooFish', 'SF5134357906992', 888, 'sent', 'd4c3dfe3-8b3c-521c-964b-f8597756d2f9', 146881, NULL, 500, 'Начало таможенного оформления', 3.6, NULL, '2026-06-16T17:07:22.410Z', '2026-06-20T17:30:17.382Z') ON CONFLICT (id) DO NOTHING;
INSERT INTO orders (id, item_description, number_of_item_pieces, item_price, item_store_link, store, incoming_declaration, total_amount, status, recipient_id, dp_shipment_id, dp_track_number, dp_status_id, dp_status_name, dp_weight_kg, last_error, created_at, updated_at) VALUES ('99cf345a-0488-5c4f-a596-3db1ecce1794', 'POE свитч Hikvision', 2, 248, 'https://item.taobao.com/item.htm?abbucket=2&id=770973572035&mi_id=0000F2uFsLoh6RSGUsQpSwV5Y8pHx0kFnyzTx4TgAlEKuqk&ns=1&priceTId=2100c91e17816381441456926e0753&skuId=null&spm=a21n57.1.hoverItem.15&utparam=%7B%22aplus_abtest%22%3A%2249789b1ae98b883def505edfce6279bc%22%7D&xxc=taobaoSearch', 'TaoBao', 'YT7628202134123', 496, 'sent', '73be0c7e-c121-535a-8a60-27015327df07', 147690, NULL, 1, 'Ожидается на складе', NULL, NULL, '2026-06-16T19:37:27.593Z', '2026-06-19T04:54:22.631Z') ON CONFLICT (id) DO NOTHING;
INSERT INTO orders (id, item_description, number_of_item_pieces, item_price, item_store_link, store, incoming_declaration, total_amount, status, recipient_id, dp_shipment_id, dp_track_number, dp_status_id, dp_status_name, dp_weight_kg, last_error, created_at, updated_at) VALUES ('d153cafe-2e2d-539f-be8b-29b38514e4e9', 'Lego 75637 б.у. конструктор', 1, 300, 'https://mobile.yangkeduo.com/goods1.html?ps=K9ebrTKu12', 'PinDuoDuo', 'JT5497092025911', 300, 'sent', '73be0c7e-c121-535a-8a60-27015327df07', 147026, NULL, 5, 'Добавлен в реестр', 1.022, NULL, '2026-06-17T08:37:51.037Z', '2026-06-20T09:16:58.414Z') ON CONFLICT (id) DO NOTHING;
INSERT INTO orders (id, item_description, number_of_item_pieces, item_price, item_store_link, store, incoming_declaration, total_amount, status, recipient_id, dp_shipment_id, dp_track_number, dp_status_id, dp_status_name, dp_weight_kg, last_error, created_at, updated_at) VALUES ('e538d1d7-e3e6-5703-a53b-b7accdf9dbdc', 'Lego 40688 б.у. конструктор', 1, 30, 'https://www.goofish.com/item?spm=a21ybx.search.searchFeedList.8.79bb464euX7Zc6&id=962615447718&categoryId=126862797', 'GooFish', NULL, 30, 'awaiting_track', NULL, NULL, NULL, NULL, NULL, NULL, NULL, '2026-06-16T13:39:47.539Z', '2026-06-16T13:39:47.539Z') ON CONFLICT (id) DO NOTHING;
INSERT INTO orders (id, item_description, number_of_item_pieces, item_price, item_store_link, store, incoming_declaration, total_amount, status, recipient_id, dp_shipment_id, dp_track_number, dp_status_id, dp_status_name, dp_weight_kg, last_error, created_at, updated_at) VALUES ('2508272c-b1e3-59f8-83c0-36e67e06690d', 'Стул для дома', 2, 158, 'https://detail.1688.com/offer/1040300912591.html?spm=a360q.8274423/new.goods.productname', '1688', '710088759453', 316, 'sent', '2e105bc9-060e-519d-9bd7-88a8aea51b42', 147342, NULL, 1, 'Ожидается на складе', NULL, NULL, '2026-06-16T18:48:31.309Z', '2026-06-18T05:40:00.888Z') ON CONFLICT (id) DO NOTHING;
INSERT INTO orders (id, item_description, number_of_item_pieces, item_price, item_store_link, store, incoming_declaration, total_amount, status, recipient_id, dp_shipment_id, dp_track_number, dp_status_id, dp_status_name, dp_weight_kg, last_error, created_at, updated_at) VALUES ('43f1a409-c30f-54a3-9bc2-add8279473ff', 'Трековая система на 2 метра', 1, 394, 'https://item.taobao.com/item.htm?spm=tbpc.boughtlist.suborder_itemtitle.1.72692e8dQeOoLG&id=774291356179&mi_id=0000g6LZ7Zp7OtYYvBB-UpKRTHwfTJmmapFhaijX-3Mc0Ps', 'TaoBao', 'ZY202450602701', 394, 'sent', 'fb1dd838-ed72-545e-a23f-367551d63c2a', 146911, NULL, 500, 'Начало таможенного оформления', 10.7, NULL, '2026-06-16T18:47:35.470Z', '2026-06-20T17:30:17.382Z') ON CONFLICT (id) DO NOTHING;
INSERT INTO orders (id, item_description, number_of_item_pieces, item_price, item_store_link, store, incoming_declaration, total_amount, status, recipient_id, dp_shipment_id, dp_track_number, dp_status_id, dp_status_name, dp_weight_kg, last_error, created_at, updated_at) VALUES ('15141bb5-6fa0-5ee5-bf1a-b4f57fad821e', 'Lego 40720 б.у. конструктор', 1, 92, 'https://www.goofish.com/item?spm=a21ybx.search.searchFeedList.26.172d7411WcyNoy&id=1054872858002&categoryId=126862797', 'GooFish', 'SF0210313988186', 92, 'sent', '89b6a24f-562f-5aa7-9a54-608e4fb55e8b', 147697, NULL, 5, 'Добавлен в реестр', 0.87, NULL, '2026-06-17T20:29:47.826Z', '2026-06-20T09:16:58.414Z') ON CONFLICT (id) DO NOTHING;
INSERT INTO orders (id, item_description, number_of_item_pieces, item_price, item_store_link, store, incoming_declaration, total_amount, status, recipient_id, dp_shipment_id, dp_track_number, dp_status_id, dp_status_name, dp_weight_kg, last_error, created_at, updated_at) VALUES ('a2b996ad-999d-5a0c-b11f-76091b184f7d', 'Светильник для садового участка', 1, 87, 'https://mobile.yangkeduo.com/goods1.html?ps=zdbGuhSid2', 'PinDuoDuo', 'DPK317136969863', 87, 'sent', 'f8b71565-efa7-5174-ba77-94a14c26eb3c', 146916, NULL, 500, 'Начало таможенного оформления', 2.214, NULL, '2026-06-16T18:49:58.096Z', '2026-06-20T17:30:17.382Z') ON CONFLICT (id) DO NOTHING;
INSERT INTO orders (id, item_description, number_of_item_pieces, item_price, item_store_link, store, incoming_declaration, total_amount, status, recipient_id, dp_shipment_id, dp_track_number, dp_status_id, dp_status_name, dp_weight_kg, last_error, created_at, updated_at) VALUES ('bfa34e9d-549d-5df3-81af-b31035b04dfc', 'Подстолье для стола', 1, 277, 'https://detail.1688.com/offer/926922923837.html?spm=a360q.8274423/new.goods.productname', '1688', NULL, 277, 'awaiting_track', NULL, NULL, NULL, NULL, NULL, NULL, NULL, '2026-06-20T09:37:41.100Z', '2026-06-20T09:37:41.100Z') ON CONFLICT (id) DO NOTHING;
INSERT INTO orders (id, item_description, number_of_item_pieces, item_price, item_store_link, store, incoming_declaration, total_amount, status, recipient_id, dp_shipment_id, dp_track_number, dp_status_id, dp_status_name, dp_weight_kg, last_error, created_at, updated_at) VALUES ('a82ce5a9-072a-56c1-90f9-ca43266763d2', 'Конструктор лего в пакетике', 2, 32, 'https://item.taobao.com/item.htm?spm=tbpc.boughtlist.suborder_itemtitle.1.14402e8dUGBZ8z&id=654685133818&mi_id=0000EaZmcUjDXRMD57x_1qitV0ZYdxcr5QB0JxkM5fcy0Ms', 'TaoBao', '79011749938007', 64, 'sent', 'f8b71565-efa7-5174-ba77-94a14c26eb3c', 146861, NULL, 7, 'Поступил на таможню в Китае', 0.075, NULL, '2026-06-16T16:00:20.398Z', '2026-06-20T06:03:05.417Z') ON CONFLICT (id) DO NOTHING;
INSERT INTO orders (id, item_description, number_of_item_pieces, item_price, item_store_link, store, incoming_declaration, total_amount, status, recipient_id, dp_shipment_id, dp_track_number, dp_status_id, dp_status_name, dp_weight_kg, last_error, created_at, updated_at) VALUES ('19bf7a26-7ccd-5ba8-833b-310d20b57ee1', 'Полка для ванной', 2, 90, 'https://detail.1688.com/offer/575935860018.html?spm=a360q.8274423/new.goods.productname', '1688', '302130514935', 180, 'sent', 'd4c3dfe3-8b3c-521c-964b-f8597756d2f9', 146852, NULL, 5, 'Добавлен в реестр', 5.6, NULL, '2026-06-16T15:54:31.361Z', '2026-06-20T09:16:58.414Z') ON CONFLICT (id) DO NOTHING;
INSERT INTO orders (id, item_description, number_of_item_pieces, item_price, item_store_link, store, incoming_declaration, total_amount, status, recipient_id, dp_shipment_id, dp_track_number, dp_status_id, dp_status_name, dp_weight_kg, last_error, created_at, updated_at) VALUES ('2238191d-bada-5c6a-a4aa-ece4b4470b19', 'Коврик для йоги', 3, 28, 'https://detail.1688.com/offer/1051125811096.html?spm=a360q.8274423/new.goods.productname', '1688', 'JT5494002842945', 84, 'sent', 'd4c3dfe3-8b3c-521c-964b-f8597756d2f9', 146907, NULL, 7, 'Поступил на таможню в Китае', 9.8, NULL, '2026-06-16T18:45:21.551Z', '2026-06-19T04:49:03.704Z') ON CONFLICT (id) DO NOTHING;
INSERT INTO orders (id, item_description, number_of_item_pieces, item_price, item_store_link, store, incoming_declaration, total_amount, status, recipient_id, dp_shipment_id, dp_track_number, dp_status_id, dp_status_name, dp_weight_kg, last_error, created_at, updated_at) VALUES ('8df88150-1814-51ea-bb81-c4c50c1cb4e7', 'Lego 43206 б.у. конструктор', 1, 138, 'https://www.goofish.com/item?spm=a21ybx.search.searchFeedList.18.650242a99dzzP1&id=1051650715861&categoryId=126862797', 'GooFish', '313036904855752', 138, 'sent', 'e39f3653-a0d0-5f81-a380-a2c995cd87cf', 147692, NULL, 1, 'Ожидается на складе', NULL, NULL, '2026-06-17T16:41:45.988Z', '2026-06-19T04:56:49.095Z') ON CONFLICT (id) DO NOTHING;
INSERT INTO orders (id, item_description, number_of_item_pieces, item_price, item_store_link, store, incoming_declaration, total_amount, status, recipient_id, dp_shipment_id, dp_track_number, dp_status_id, dp_status_name, dp_weight_kg, last_error, created_at, updated_at) VALUES ('182fde26-62f9-516c-8661-cd393135ffa6', 'Шторка для душа', 1, 46, 'https://detail.1688.com/offer/1025708494782.html?spm=a360q.7751291.0.0.3d1829a8yVOyhv&sk=common', '1688', '79012129870710', 46, 'sent', '2b812bd8-133f-5d34-b3c4-1cff45d27bfb', 146844, NULL, 1, 'Ожидается на складе', NULL, NULL, '2026-06-16T13:19:02.592Z', '2026-06-16T15:38:49.200Z') ON CONFLICT (id) DO NOTHING;
INSERT INTO orders (id, item_description, number_of_item_pieces, item_price, item_store_link, store, incoming_declaration, total_amount, status, recipient_id, dp_shipment_id, dp_track_number, dp_status_id, dp_status_name, dp_weight_kg, last_error, created_at, updated_at) VALUES ('d90cd5e6-47c4-5be0-841d-e1922c7aa4a9', 'Lego 75386 б.у. конструктор', 1, 273, 'https://mobile.yangkeduo.com/goods1.html?ps=hCLnEz6njx', 'PinDuoDuo', '79113893997724', 273, 'sent', '73be0c7e-c121-535a-8a60-27015327df07', 146883, NULL, 7, 'Поступил на таможню в Китае', 0.594, NULL, '2026-06-16T17:08:30.224Z', '2026-06-20T06:03:05.417Z') ON CONFLICT (id) DO NOTHING;
INSERT INTO orders (id, item_description, number_of_item_pieces, item_price, item_store_link, store, incoming_declaration, total_amount, status, recipient_id, dp_shipment_id, dp_track_number, dp_status_id, dp_status_name, dp_weight_kg, last_error, created_at, updated_at) VALUES ('65315b85-a905-5edc-96d1-d6e40592671c', 'Видеорегистратор для камер', 1, 640, 'https://item.taobao.com/item.htm?id=1007710429684&mi_id=0000nsEW5NFteJpZLQt64FlO0-cRWNz-x_YsshtdsJWtbTk&pvid=1df58ded-04a3-4521-a490-bd0c3a33a6cb&scm=1007.40986.474083.0&skuId=6083674228812&spm=a21bo.jianhua%2Fa.201876.d10.34ef2a890KIn0r&utparam=%7B%22item_ctr%22%3A0.05234360694885254%2C%22x_object_type%22%3A%22item%22%2C%22matchType%22%3A%22nann_base%22%2C%22item_price%22%3A%22164%22%2C%22item_cvr%22%3A0.0032099485397338867%2C%22umpCalled%22%3Atrue%2C%22pc_ctr%22%3A0.038145989179611206%2C%22pc_scene%22%3A%2220001%22%2C%22userId%22%3A2217111500946%2C%22ab_info%22%3A%2230986%23474083%230_30986%23528214%2358507_30986%23527799%2358418_30986%23537217%2360408_30986%23521582%2357267_30986%23526067%2358189_30986%23533297%2359487_30986%23524394%2357910_30986%23530923%2359037_30986%23532805%2359017_30986%23528109%2358485_30986%23545020%2362063_30986%23537488%2360469_30986%23546628%2362403_30986%23537987%2360586_30986%23547837%2362654_30986%23538037%2360595%22%2C%22tpp_buckets%22%3A%2230986%23474083%230_30986%23528214%2358507_30986%23527799%2358418_30986%23537217%2360408_30986%23521582%2357267_30986%23526067%2358189_30986%23533297%2359487_30986%23524394%2357910_30986%23530923%2359037_30986%23532805%2359017_30986%23528109%2358485_30986%23545020%2362063_30986%23537488%2360469_30986%23546628%2362403_30986%23537987%2360586_30986%23547837%2362654_30986%23538037%2360595%22%2C%22aplus_abtest%22%3A%22df25efc25764f12b6f1b6947ad8b61f9%22%2C%22isLogin%22%3Atrue%2C%22abid%22%3A%22528214_527799_537217_521582_526067_533297_524394_530923_532805_528109_545020_537488_546628_537987_547837_538037%22%2C%22pc_pvid%22%3A%221df58ded-04a3-4521-a490-bd0c3a33a6cb%22%2C%22isWeekLogin%22%3Afalse%2C%22pc_alg_score%22%3A0.1276036524477%2C%22rn%22%3A9%2C%22item_ecpm%22%3A0%2C%22ump_price%22%3A%22164%22%2C%22isXClose%22%3Afalse%2C%22x_object_id%22%3A1007710429684%7D&xxc=home_recommend', 'TaoBao', '313036187624955', 640, 'sent', '7ec8422d-2a0d-5f7c-8624-a78ab25ae24b', 147377, NULL, 1, 'Ожидается на складе', NULL, NULL, '2026-06-16T18:18:30.464Z', '2026-06-18T08:26:46.649Z') ON CONFLICT (id) DO NOTHING;
INSERT INTO orders (id, item_description, number_of_item_pieces, item_price, item_store_link, store, incoming_declaration, total_amount, status, recipient_id, dp_shipment_id, dp_track_number, dp_status_id, dp_status_name, dp_weight_kg, last_error, created_at, updated_at) VALUES ('d6762665-0015-58e7-94f4-a86362bec79c', 'Смеситель для раковины', 2, 135, 'https://detail.1688.com/offer/758088203400.html?spm=a360q.7751291.0.0.283629a87DZMyT&sk=common', '1688', '770018172881380', 270, 'sent', 'fb1dd838-ed72-545e-a23f-367551d63c2a', 146924, NULL, 1, 'Ожидается на складе', NULL, NULL, '2026-06-16T18:53:20.382Z', '2026-06-16T18:53:34.142Z') ON CONFLICT (id) DO NOTHING;
INSERT INTO orders (id, item_description, number_of_item_pieces, item_price, item_store_link, store, incoming_declaration, total_amount, status, recipient_id, dp_shipment_id, dp_track_number, dp_status_id, dp_status_name, dp_weight_kg, last_error, created_at, updated_at) VALUES ('3821c520-60e2-5a88-b789-3f0048c65846', 'Автопоилка для животных', 1, 126, 'https://item.taobao.com/item.htm?spm=tbpc.boughtlist.suborder_itemtitle.1.ebce2e8djmXmYB&id=699118555647&mi_id=0000rioVnJGTLcIeaF_D-hcvzb8Md_6e0Oiq7KIcXyYOBxM', 'TaoBao', 'YT7627379825209', 126, 'sent', 'fb1dd838-ed72-545e-a23f-367551d63c2a', 146856, NULL, 7, 'Поступил на таможню в Китае', 1.194, NULL, '2026-06-16T15:57:31.847Z', '2026-06-19T04:49:03.704Z') ON CONFLICT (id) DO NOTHING;
INSERT INTO orders (id, item_description, number_of_item_pieces, item_price, item_store_link, store, incoming_declaration, total_amount, status, recipient_id, dp_shipment_id, dp_track_number, dp_status_id, dp_status_name, dp_weight_kg, last_error, created_at, updated_at) VALUES ('058256e4-9d13-57c8-8674-af12e28609d3', 'Шезлонг', 1, 924, 'https://item.taobao.com/item.htm?spm=tbpc.boughtlist.suborder_itemtitle.1.34eb2e8dkhrjyI&id=1040891638710&mi_id=0000tWKCTGQMRv7gvjiZKGHkfeBDAz2ilzHjBMitOzhTr40', 'TaoBao', '766428236046', 924, 'sent', 'f8b71565-efa7-5174-ba77-94a14c26eb3c', 146929, NULL, 1, 'Ожидается на складе', NULL, NULL, '2026-06-16T18:55:57.816Z', '2026-06-16T18:55:59.096Z') ON CONFLICT (id) DO NOTHING;
INSERT INTO orders (id, item_description, number_of_item_pieces, item_price, item_store_link, store, incoming_declaration, total_amount, status, recipient_id, dp_shipment_id, dp_track_number, dp_status_id, dp_status_name, dp_weight_kg, last_error, created_at, updated_at) VALUES ('082e4e48-0877-593b-8a53-afbcab836b94', 'Подстолье для стола', 1, 277, 'https://detail.1688.com/offer/926922923837.html?spm=a360q.8274423/new.goods.productname', '1688', 'S71031232623', 277, 'sent', '2e105bc9-060e-519d-9bd7-88a8aea51b42', 147685, NULL, 1, 'Ожидается на складе', NULL, NULL, '2026-06-17T07:29:11.628Z', '2026-06-19T04:52:50.449Z') ON CONFLICT (id) DO NOTHING;
INSERT INTO orders (id, item_description, number_of_item_pieces, item_price, item_store_link, store, incoming_declaration, total_amount, status, recipient_id, dp_shipment_id, dp_track_number, dp_status_id, dp_status_name, dp_weight_kg, last_error, created_at, updated_at) VALUES ('b5753f43-bf25-53f0-96ab-e564aeffb67c', 'Зеркало в прихожую', 1, 135, 'https://detail.1688.com/offer/861933269998.html', '1688', '302131009275', 135, 'sent', '086f3d86-ac23-59de-97d4-fd90561cc1b1', 146850, NULL, 5, 'Добавлен в реестр', 13.9, NULL, '2026-06-16T15:52:20.475Z', '2026-06-20T09:15:45.654Z') ON CONFLICT (id) DO NOTHING;
INSERT INTO orders (id, item_description, number_of_item_pieces, item_price, item_store_link, store, incoming_declaration, total_amount, status, recipient_id, dp_shipment_id, dp_track_number, dp_status_id, dp_status_name, dp_weight_kg, last_error, created_at, updated_at) VALUES ('e4a6009b-bb81-5f21-a0be-0af18a91b0c9', 'Полка для ванной', 1, 98, 'https://detail.1688.com/offer/896189893793.html?spm=a360q.8274423/new.goods.productname', '1688', 'SF5134990827141', 98, 'sent', '73be0c7e-c121-535a-8a60-27015327df07', 146854, NULL, 5, 'Добавлен в реестр', 1.735, NULL, '2026-06-16T15:55:55.847Z', '2026-06-20T09:16:58.414Z') ON CONFLICT (id) DO NOTHING;
INSERT INTO orders (id, item_description, number_of_item_pieces, item_price, item_store_link, store, incoming_declaration, total_amount, status, recipient_id, dp_shipment_id, dp_track_number, dp_status_id, dp_status_name, dp_weight_kg, last_error, created_at, updated_at) VALUES ('4a7a9269-09a0-5898-a5c9-e076759df0dd', 'Lego 71436 б.у. конструктор', 1, 450, 'https://www.goofish.com/item?spm=a21ybx.search.searchFeedList.7.2c5c39d8R4ILxc&id=1027704255102&categoryId=126862797', 'GooFish', NULL, 450, 'awaiting_track', NULL, NULL, NULL, NULL, NULL, NULL, NULL, '2026-06-16T13:38:25.184Z', '2026-06-16T13:38:25.184Z') ON CONFLICT (id) DO NOTHING;
INSERT INTO orders (id, item_description, number_of_item_pieces, item_price, item_store_link, store, incoming_declaration, total_amount, status, recipient_id, dp_shipment_id, dp_track_number, dp_status_id, dp_status_name, dp_weight_kg, last_error, created_at, updated_at) VALUES ('df759f06-9251-56dc-960e-aed20060004d', 'Стул для дома', 2, 158, 'https://detail.1688.com/offer/1040300912591.html?spm=a360q.8274423/new.goods.productname', '1688', '710088357095', 316, 'sent', 'd4c3dfe3-8b3c-521c-964b-f8597756d2f9', 146894, NULL, 1, 'Ожидается на складе', NULL, NULL, '2026-06-16T15:07:05.499Z', '2026-06-16T18:36:56.815Z') ON CONFLICT (id) DO NOTHING;
INSERT INTO orders (id, item_description, number_of_item_pieces, item_price, item_store_link, store, incoming_declaration, total_amount, status, recipient_id, dp_shipment_id, dp_track_number, dp_status_id, dp_status_name, dp_weight_kg, last_error, created_at, updated_at) VALUES ('53f37071-7c0d-5797-b5dc-f97334378fb2', 'Сковорода', 1, 359, 'https://mobile.yangkeduo.com/goods1.html?ps=i6d85xeaK9', 'PinDuoDuo', 'SF0222608893756', 359, 'sent', '73be0c7e-c121-535a-8a60-27015327df07', 146896, NULL, 500, 'Начало таможенного оформления', 1.962, NULL, '2026-06-16T18:38:38.267Z', '2026-06-20T17:30:17.382Z') ON CONFLICT (id) DO NOTHING;
INSERT INTO orders (id, item_description, number_of_item_pieces, item_price, item_store_link, store, incoming_declaration, total_amount, status, recipient_id, dp_shipment_id, dp_track_number, dp_status_id, dp_status_name, dp_weight_kg, last_error, created_at, updated_at) VALUES ('b23b9be2-3d52-5d54-a76c-9f1cfcb6e768', 'Светильник уличный', 1, 238, 'https://item.taobao.com/item.htm?spm=tbpc.boughtlist.suborder_itemtitle.1.2d462e8d4pHMLa&id=1046113017200&mi_id=0000MA4tqSc6pnnnFR4hrmFNB6TNUicBAyqyyDes5eYRfhs', 'TaoBao', '79011462336730', 238, 'sent', '8602dd0d-0944-54d8-843e-6441f4f85c95', 146921, NULL, 7, 'Поступил на таможню в Китае', 1.9, NULL, '2026-06-16T18:52:05.528Z', '2026-06-19T04:49:03.704Z') ON CONFLICT (id) DO NOTHING;
INSERT INTO orders (id, item_description, number_of_item_pieces, item_price, item_store_link, store, incoming_declaration, total_amount, status, recipient_id, dp_shipment_id, dp_track_number, dp_status_id, dp_status_name, dp_weight_kg, last_error, created_at, updated_at) VALUES ('0d5e1808-55fb-5ddc-adb7-93de4bacf636', 'Lego 76999 б.у. конструктор', 1, 437, 'https://mobile.yangkeduo.com/goods.html?ps=kcijV50MnO', 'PinDuoDuo', '9817275990258', 437, 'sent', '2b812bd8-133f-5d34-b3c4-1cff45d27bfb', 146886, NULL, 7, 'Поступил на таможню в Китае', 1.499, NULL, '2026-06-16T18:27:31.438Z', '2026-06-19T04:49:03.704Z') ON CONFLICT (id) DO NOTHING;
INSERT INTO orders (id, item_description, number_of_item_pieces, item_price, item_store_link, store, incoming_declaration, total_amount, status, recipient_id, dp_shipment_id, dp_track_number, dp_status_id, dp_status_name, dp_weight_kg, last_error, created_at, updated_at) VALUES ('d966a266-4217-58d6-8e36-fd7d5689895f', 'Комплект полотенец', 3, 312, 'https://detail.1688.com/offer/664843310160.html?spm=a360q.8274423/new.goods.productname', '1688', NULL, 936, 'awaiting_track', NULL, NULL, NULL, NULL, NULL, NULL, NULL, '2026-06-17T06:38:26.456Z', '2026-06-17T06:38:26.456Z') ON CONFLICT (id) DO NOTHING;
INSERT INTO orders (id, item_description, number_of_item_pieces, item_price, item_store_link, store, incoming_declaration, total_amount, status, recipient_id, dp_shipment_id, dp_track_number, dp_status_id, dp_status_name, dp_weight_kg, last_error, created_at, updated_at) VALUES ('dc75543f-1717-57bf-bc23-f9ad07db4512', 'Роутер', 1, 650, 'https://mobile.yangkeduo.com/goods2.html?ps=PBx7Vta7V5', 'PinDuoDuo', '79114379323626', 650, 'sent', '8602dd0d-0944-54d8-843e-6441f4f85c95', 146790, NULL, 7, 'Поступил на таможню в Китае', 2.657, NULL, '2026-06-16T12:14:00.713Z', '2026-06-20T06:03:05.417Z') ON CONFLICT (id) DO NOTHING;
INSERT INTO orders (id, item_description, number_of_item_pieces, item_price, item_store_link, store, incoming_declaration, total_amount, status, recipient_id, dp_shipment_id, dp_track_number, dp_status_id, dp_status_name, dp_weight_kg, last_error, created_at, updated_at) VALUES ('3d01f8c5-bd58-51bd-9e62-ca9d16977617', 'Микрофон петличка', 1, 540, 'https://www.goofish.com/item?spm=a21ybx.personal.feeds.6.426a6ac2xfb0qO&id=1059114045929&categoryId=50025418', 'GooFish', '772067536816186', 540, 'sent', '7ec8422d-2a0d-5f7c-8624-a78ab25ae24b', 147030, NULL, 5, 'Добавлен в реестр', 0.643, NULL, '2026-06-17T10:25:32.703Z', '2026-06-20T09:16:58.414Z') ON CONFLICT (id) DO NOTHING;
INSERT INTO orders (id, item_description, number_of_item_pieces, item_price, item_store_link, store, incoming_declaration, total_amount, status, recipient_id, dp_shipment_id, dp_track_number, dp_status_id, dp_status_name, dp_weight_kg, last_error, created_at, updated_at) VALUES ('6d288b15-4525-58eb-913b-7ad38f77f685', 'Светильник уличный', 1, 84, 'https://detail.1688.com/offer/709787535816.html?spm=a360q.8274423/new.goods.productname', '1688', 'SF5197322524589', 84, 'sent', 'd4c3dfe3-8b3c-521c-964b-f8597756d2f9', 146920, NULL, 500, 'Начало таможенного оформления', 3.28, NULL, '2026-06-16T18:51:41.011Z', '2026-06-20T17:30:17.382Z') ON CONFLICT (id) DO NOTHING;
INSERT INTO orders (id, item_description, number_of_item_pieces, item_price, item_store_link, store, incoming_declaration, total_amount, status, recipient_id, dp_shipment_id, dp_track_number, dp_status_id, dp_status_name, dp_weight_kg, last_error, created_at, updated_at) VALUES ('eebae6b6-fde7-59f9-87e4-bc21b3e7be60', 'Подстолье для стола', 1, 277, 'https://detail.1688.com/offer/926922923837.html?spm=a360q.8274423/new.goods.productname', '1688', 'S71441473654', 277, 'sent', '086f3d86-ac23-59de-97d4-fd90561cc1b1', 147684, NULL, 1, 'Ожидается на складе', NULL, NULL, '2026-06-17T07:29:14.426Z', '2026-06-19T04:52:42.306Z') ON CONFLICT (id) DO NOTHING;
INSERT INTO orders (id, item_description, number_of_item_pieces, item_price, item_store_link, store, incoming_declaration, total_amount, status, recipient_id, dp_shipment_id, dp_track_number, dp_status_id, dp_status_name, dp_weight_kg, last_error, created_at, updated_at) VALUES ('aa84c614-5095-5d85-ac7b-889eb88a08e4', 'Пуфик с деревянными ножками', 2, 389, 'https://item.taobao.com/item.htm?spm=tbpc.boughtlist.suborder_itemtitle.1.1aaf2e8dWV9RNN&id=850162161634&mi_id=0000njf5SbgRbu03hskdU8b2lkuzCoAWwIN5svL_X6zXqPs', 'TaoBao', '982216186', 778, 'sent', 'e39f3653-a0d0-5f81-a380-a2c995cd87cf', 146910, NULL, 7, 'Поступил на таможню в Китае', 8.5, NULL, '2026-06-16T13:40:46.788Z', '2026-06-19T04:49:03.704Z') ON CONFLICT (id) DO NOTHING;
INSERT INTO orders (id, item_description, number_of_item_pieces, item_price, item_store_link, store, incoming_declaration, total_amount, status, recipient_id, dp_shipment_id, dp_track_number, dp_status_id, dp_status_name, dp_weight_kg, last_error, created_at, updated_at) VALUES ('694eddc2-2bf0-5e94-a7ab-939fc4075239', 'Конструктор лего в пакетике', 4, 31, 'https://item.taobao.com/item.htm?spm=tbpc.boughtlist.suborder_itemtitle.1.14402e8dUGBZ8z&id=655526483497&mi_id=00000OQZaJfkSDqvxuMvJKemKz5SlfUxuev8Gpxij1fIRfw', 'TaoBao', '79011713839521', 124, 'sent', 'b43a2b3e-6a0e-5601-9b17-a37f7586bd60', 146862, NULL, 7, 'Поступил на таможню в Китае', 0.809, NULL, '2026-06-16T16:01:31.482Z', '2026-06-20T06:03:05.417Z') ON CONFLICT (id) DO NOTHING;
INSERT INTO orders (id, item_description, number_of_item_pieces, item_price, item_store_link, store, incoming_declaration, total_amount, status, recipient_id, dp_shipment_id, dp_track_number, dp_status_id, dp_status_name, dp_weight_kg, last_error, created_at, updated_at) VALUES ('71dc643a-9df9-57cc-a40d-6ebac7db807b', 'Комплект полотенец', 3, 312, 'https://detail.1688.com/offer/664843310160.html?spm=a360q.8274423/new.goods.productname', '1688', '982712345', 936, 'sent', '086f3d86-ac23-59de-97d4-fd90561cc1b1', 146971, NULL, 1, 'Ожидается на складе', NULL, NULL, '2026-06-16T12:20:26.923Z', '2026-06-17T06:31:53.370Z') ON CONFLICT (id) DO NOTHING;
INSERT INTO orders (id, item_description, number_of_item_pieces, item_price, item_store_link, store, incoming_declaration, total_amount, status, recipient_id, dp_shipment_id, dp_track_number, dp_status_id, dp_status_name, dp_weight_kg, last_error, created_at, updated_at) VALUES ('1a8c7ee2-9d0e-5dcf-986e-e91f1d704605', 'Замок для двери', 2, 95, 'https://mobile.yangkeduo.com/goods1.html?ps=MqMB236uld', 'PinDuoDuo', '79114805968519', 190, 'sent', '2e105bc9-060e-519d-9bd7-88a8aea51b42', 146976, NULL, 1, 'Ожидается на складе', NULL, NULL, '2026-06-17T05:27:07.379Z', '2026-06-17T07:53:04.393Z') ON CONFLICT (id) DO NOTHING;
INSERT INTO orders (id, item_description, number_of_item_pieces, item_price, item_store_link, store, incoming_declaration, total_amount, status, recipient_id, dp_shipment_id, dp_track_number, dp_status_id, dp_status_name, dp_weight_kg, last_error, created_at, updated_at) VALUES ('73d2928c-318a-5597-b0ef-461c6cc01b52', 'Конструктор лего в пакетике', 2, 27, 'https://mobile.yangkeduo.com/goods2.html?ps=UTJ85jmTri', 'PinDuoDuo', '777418302876242', 54, 'sent', '086f3d86-ac23-59de-97d4-fd90561cc1b1', 146863, NULL, 500, 'Начало таможенного оформления', 0.461, NULL, '2026-06-16T16:02:04.248Z', '2026-06-20T17:30:17.382Z') ON CONFLICT (id) DO NOTHING;
INSERT INTO orders (id, item_description, number_of_item_pieces, item_price, item_store_link, store, incoming_declaration, total_amount, status, recipient_id, dp_shipment_id, dp_track_number, dp_status_id, dp_status_name, dp_weight_kg, last_error, created_at, updated_at) VALUES ('0f5d6c08-3a78-5ab4-b5cb-2c548ee62cd9', 'Костюм мужской коричневый', 1, 62, 'https://mobile.yangkeduo.com/goods2.html?ps=025BUbSkhz', 'PinDuoDuo', '79113051279797', 62, 'sent', '2b812bd8-133f-5d34-b3c4-1cff45d27bfb', 146912, NULL, 500, 'Начало таможенного оформления', 0.746, NULL, '2026-06-16T18:48:08.044Z', '2026-06-20T17:30:17.382Z') ON CONFLICT (id) DO NOTHING;
INSERT INTO orders (id, item_description, number_of_item_pieces, item_price, item_store_link, store, incoming_declaration, total_amount, status, recipient_id, dp_shipment_id, dp_track_number, dp_status_id, dp_status_name, dp_weight_kg, last_error, created_at, updated_at) VALUES ('5f50cd6f-2187-5e35-bdd2-928b6196515e', 'Микрофон петличка', 1, 429, 'https://item.taobao.com/item.htm?spm=a1z0d.6639537%2F202410.item.d1044530688373.52977484DEhBoQ&id=1044530688373&from=cart&skuId=6234555302791&mi_id=0000T4rMYVotoOMv2hbKj__X8WTl-Zk4mrF4hsSo7_BphPM&upStreamPrice=42900', 'TaoBao', '79012924565978', 429, 'sent', 'd4c3dfe3-8b3c-521c-964b-f8597756d2f9', 147688, NULL, 1, 'Ожидается на складе', NULL, NULL, '2026-06-18T22:01:56.727Z', '2026-06-19T04:53:52.527Z') ON CONFLICT (id) DO NOTHING;
INSERT INTO orders (id, item_description, number_of_item_pieces, item_price, item_store_link, store, incoming_declaration, total_amount, status, recipient_id, dp_shipment_id, dp_track_number, dp_status_id, dp_status_name, dp_weight_kg, last_error, created_at, updated_at) VALUES ('c6f06aec-2b42-528d-9f95-118a0d2cdd55', 'Светильник подвесной', 3, 45, 'https://mobile.yangkeduo.com/goods.html?ps=GkNtgSlhwW', 'PinDuoDuo', '465435026792134', 135, 'sent', 'd4c3dfe3-8b3c-521c-964b-f8597756d2f9', 148011, NULL, 1, 'Ожидается на складе', NULL, NULL, '2026-06-16T13:40:27.416Z', '2026-06-20T07:12:48.383Z') ON CONFLICT (id) DO NOTHING;
INSERT INTO orders (id, item_description, number_of_item_pieces, item_price, item_store_link, store, incoming_declaration, total_amount, status, recipient_id, dp_shipment_id, dp_track_number, dp_status_id, dp_status_name, dp_weight_kg, last_error, created_at, updated_at) VALUES ('d9f43129-0ab8-5d11-bf4c-3d8b076c8d8f', 'Lego 5008064 б.у. конструктор', 1, 60, 'https://www.goofish.com/item?spm=a21ybx.search.searchFeedList.1.78b65b251eK2dC&id=924869420183&categoryId=126862797', 'GooFish', NULL, 60, 'awaiting_track', NULL, NULL, NULL, NULL, NULL, NULL, NULL, '2026-06-16T13:40:01.783Z', '2026-06-16T13:40:01.783Z') ON CONFLICT (id) DO NOTHING;
INSERT INTO orders (id, item_description, number_of_item_pieces, item_price, item_store_link, store, incoming_declaration, total_amount, status, recipient_id, dp_shipment_id, dp_track_number, dp_status_id, dp_status_name, dp_weight_kg, last_error, created_at, updated_at) VALUES ('ce59b1d4-6dad-5b72-b953-966191992774', 'Микрофон петличка', 1, 540, 'https://www.goofish.com/item?spm=a21ybx.personal.feeds.6.426a6ac2xfb0qO&id=1059114045929&categoryId=50025418', 'GooFish', '435227530946805', 540, 'sent', '8602dd0d-0944-54d8-843e-6441f4f85c95', 146679, NULL, 5, 'Добавлен в реестр', 0.528, NULL, '2026-06-16T11:41:41.206Z', '2026-06-20T09:15:45.654Z') ON CONFLICT (id) DO NOTHING;
INSERT INTO orders (id, item_description, number_of_item_pieces, item_price, item_store_link, store, incoming_declaration, total_amount, status, recipient_id, dp_shipment_id, dp_track_number, dp_status_id, dp_status_name, dp_weight_kg, last_error, created_at, updated_at) VALUES ('cb9cc9ff-eeef-5b43-a51b-922f6adbbc19', 'Lego 40659 б.у. конструктор', 1, 160, 'https://www.goofish.com/item?spm=a21ybx.search.searchFeedList.14.713367baMoj5w1&id=1057851184848&categoryId=126862797', 'GooFish', NULL, 160, 'awaiting_track', NULL, NULL, NULL, NULL, NULL, NULL, NULL, '2026-06-17T17:02:56.113Z', '2026-06-17T17:03:25.395Z') ON CONFLICT (id) DO NOTHING;
INSERT INTO orders (id, item_description, number_of_item_pieces, item_price, item_store_link, store, incoming_declaration, total_amount, status, recipient_id, dp_shipment_id, dp_track_number, dp_status_id, dp_status_name, dp_weight_kg, last_error, created_at, updated_at) VALUES ('5b835a49-ad9f-510b-a067-d1c1a88a6bb9', 'Сейф', 1, 213, 'https://item.taobao.com/item.htm?spm=tbpc.boughtlist.suborder_itemtitle.1.3ad62e8dj27nic&id=838174112211&mi_id=0000KV16yCAt9w2UNH-jSnLibq0P9ILG5LJCPlbVrE4BEi4', 'TaoBao', NULL, 213, 'awaiting_track', NULL, NULL, NULL, NULL, NULL, NULL, NULL, '2026-06-20T09:28:44.889Z', '2026-06-20T09:28:44.889Z') ON CONFLICT (id) DO NOTHING;
INSERT INTO orders (id, item_description, number_of_item_pieces, item_price, item_store_link, store, incoming_declaration, total_amount, status, recipient_id, dp_shipment_id, dp_track_number, dp_status_id, dp_status_name, dp_weight_kg, last_error, created_at, updated_at) VALUES ('018d58ef-d004-5422-847e-283bbed8dbff', 'Роутер Xiaomi Be7200 pro', 1, 719, 'https://mobile.yangkeduo.com/goods2.html?ps=PBx7Vta7V5', 'PinDuoDuo', '79114136989393', 719, 'sent', 'd4c3dfe3-8b3c-521c-964b-f8597756d2f9', 146865, NULL, 5, 'Добавлен в реестр', 1.993, NULL, '2026-06-16T16:03:23.170Z', '2026-06-20T09:16:58.414Z') ON CONFLICT (id) DO NOTHING;
INSERT INTO orders (id, item_description, number_of_item_pieces, item_price, item_store_link, store, incoming_declaration, total_amount, status, recipient_id, dp_shipment_id, dp_track_number, dp_status_id, dp_status_name, dp_weight_kg, last_error, created_at, updated_at) VALUES ('64c292fe-c71a-518c-bc84-c0fe81a73530', 'Конструктор лего в пакетике', 2, 45, 'https://item.taobao.com/item.htm?spm=tbpc.boughtlist.suborder_itemtitle.1.32d22e8d2ombSM&id=704289774506&mi_id=00005YdK3vn-pDH6j23p4u0ghe5m3GdVnJj1Nq37RZRldz8', 'TaoBao', '772067355887884', 90, 'sent', '2b812bd8-133f-5d34-b3c4-1cff45d27bfb', 146857, NULL, 7, 'Поступил на таможню в Китае', 0.454, NULL, '2026-06-16T15:58:18.554Z', '2026-06-20T06:03:05.417Z') ON CONFLICT (id) DO NOTHING;
INSERT INTO orders (id, item_description, number_of_item_pieces, item_price, item_store_link, store, incoming_declaration, total_amount, status, recipient_id, dp_shipment_id, dp_track_number, dp_status_id, dp_status_name, dp_weight_kg, last_error, created_at, updated_at) VALUES ('434c9e04-9887-59b4-802f-8df81f839f13', 'Lego 75636 б.у. конструктор', 1, 128, 'https://www.goofish.com/item?spm=a21ybx.search.searchFeedList.10.2fc245a90bRgvL&id=1058716958055&categoryId=126862797', 'GooFish', '772067645944287', 128, 'sent', '2b812bd8-133f-5d34-b3c4-1cff45d27bfb', 147029, NULL, 1, 'Ожидается на складе', NULL, NULL, '2026-06-17T08:12:23.588Z', '2026-06-17T10:25:02.066Z') ON CONFLICT (id) DO NOTHING;
INSERT INTO orders (id, item_description, number_of_item_pieces, item_price, item_store_link, store, incoming_declaration, total_amount, status, recipient_id, dp_shipment_id, dp_track_number, dp_status_id, dp_status_name, dp_weight_kg, last_error, created_at, updated_at) VALUES ('a649893b-06f2-5f0e-beca-8c27318189b7', 'Светильник для садового участка', 1, 87, 'https://mobile.yangkeduo.com/goods1.html?ps=zdbGuhSid2', 'PinDuoDuo', 'DPK317136968940', 87, 'sent', '89b6a24f-562f-5aa7-9a54-608e4fb55e8b', 146915, NULL, 500, 'Начало таможенного оформления', 3.871, NULL, '2026-06-16T18:49:52.081Z', '2026-06-20T17:30:17.382Z') ON CONFLICT (id) DO NOTHING;
INSERT INTO orders (id, item_description, number_of_item_pieces, item_price, item_store_link, store, incoming_declaration, total_amount, status, recipient_id, dp_shipment_id, dp_track_number, dp_status_id, dp_status_name, dp_weight_kg, last_error, created_at, updated_at) VALUES ('9a8401c1-95c8-561b-a1e9-04f6c4de7361', 'Подстолье для стола', 1, 277, 'https://detail.1688.com/offer/926922923837.html?spm=a360q.8274423/new.goods.productname', '1688', 'S71818603677', 277, 'sent', '2e105bc9-060e-519d-9bd7-88a8aea51b42', 146906, NULL, 7, 'Поступил на таможню в Китае', 15.4, NULL, '2026-06-16T18:44:23.912Z', '2026-06-20T06:03:05.417Z') ON CONFLICT (id) DO NOTHING;
INSERT INTO orders (id, item_description, number_of_item_pieces, item_price, item_store_link, store, incoming_declaration, total_amount, status, recipient_id, dp_shipment_id, dp_track_number, dp_status_id, dp_status_name, dp_weight_kg, last_error, created_at, updated_at) VALUES ('3fc753e2-9651-5b64-b28d-c6b3d74ea666', 'Постельное белье для дома', 3, 178, 'https://detail.1688.com/offer/972580705283.html?spm=a360q.8274423/new.goods.productname', '1688', NULL, 534, 'awaiting_track', NULL, NULL, NULL, NULL, NULL, NULL, NULL, '2026-06-16T18:25:33.087Z', '2026-06-16T18:25:33.087Z') ON CONFLICT (id) DO NOTHING;
INSERT INTO orders (id, item_description, number_of_item_pieces, item_price, item_store_link, store, incoming_declaration, total_amount, status, recipient_id, dp_shipment_id, dp_track_number, dp_status_id, dp_status_name, dp_weight_kg, last_error, created_at, updated_at) VALUES ('9fa49829-077a-527d-b27f-1e64b8fcf3a1', 'Сейф', 1, 213, 'https://item.taobao.com/item.htm?spm=tbpc.boughtlist.suborder_itemtitle.1.3ad62e8dj27nic&id=838174112211&mi_id=0000KV16yCAt9w2UNH-jSnLibq0P9ILG5LJCPlbVrE4BEi4', 'TaoBao', 'DPK301894630023', 213, 'sent', 'fb1dd838-ed72-545e-a23f-367551d63c2a', 146869, NULL, 7, 'Поступил на таможню в Китае', 8.9, NULL, '2026-06-16T16:06:58.949Z', '2026-06-20T06:03:05.417Z') ON CONFLICT (id) DO NOTHING;
INSERT INTO orders (id, item_description, number_of_item_pieces, item_price, item_store_link, store, incoming_declaration, total_amount, status, recipient_id, dp_shipment_id, dp_track_number, dp_status_id, dp_status_name, dp_weight_kg, last_error, created_at, updated_at) VALUES ('56298aea-dfa3-5192-9e5e-97349ebb8187', 'Lego 76925 б.у. конструктор', 1, 258, 'https://www.goofish.com/item?spm=a21ybx.search.searchFeedList.7.13f672b1zsQ0r4&id=1025173569988&categoryId=126862797', 'GooFish', NULL, 258, 'awaiting_track', NULL, NULL, NULL, NULL, NULL, NULL, NULL, '2026-06-16T13:38:43.326Z', '2026-06-16T13:38:43.326Z') ON CONFLICT (id) DO NOTHING;
INSERT INTO orders (id, item_description, number_of_item_pieces, item_price, item_store_link, store, incoming_declaration, total_amount, status, recipient_id, dp_shipment_id, dp_track_number, dp_status_id, dp_status_name, dp_weight_kg, last_error, created_at, updated_at) VALUES ('b342ff91-c34d-592a-a114-36f239987203', 'Lego 75640 б.у. конструктор', 1, 525, 'https://mobile.yangkeduo.com/goods2.html?ps=7SW3y887NG', 'PinDuoDuo', 'JDX055521075210', 525, 'sent', 'f8b71565-efa7-5174-ba77-94a14c26eb3c', 147682, NULL, 1, 'Ожидается на складе', NULL, NULL, '2026-06-17T15:28:49.029Z', '2026-06-19T04:50:45.170Z') ON CONFLICT (id) DO NOTHING;
INSERT INTO orders (id, item_description, number_of_item_pieces, item_price, item_store_link, store, incoming_declaration, total_amount, status, recipient_id, dp_shipment_id, dp_track_number, dp_status_id, dp_status_name, dp_weight_kg, last_error, created_at, updated_at) VALUES ('2a7a8b72-d2ec-594a-85d8-094f759f6c1d', 'Lego 40682 б.у. конструктор', 1, 30, 'https://www.goofish.com/item?spm=a21ybx.search.searchFeedList.4.74bd7dff9mcNp8&id=1010457236227&categoryId=126862797', 'GooFish', '772067504435167', 30, 'sent', 'f8b71565-efa7-5174-ba77-94a14c26eb3c', 146848, NULL, 5, 'Добавлен в реестр', 0.355, NULL, '2026-06-16T13:39:26.106Z', '2026-06-20T09:16:58.414Z') ON CONFLICT (id) DO NOTHING;
INSERT INTO orders (id, item_description, number_of_item_pieces, item_price, item_store_link, store, incoming_declaration, total_amount, status, recipient_id, dp_shipment_id, dp_track_number, dp_status_id, dp_status_name, dp_weight_kg, last_error, created_at, updated_at) VALUES ('eb03d9f9-b714-5294-9f21-55f305ee4715', 'Lego 40613 б.у. конструктор', 1, 107, 'https://www.goofish.com/item?spm=a21ybx.search.searchFeedList.7.4c893a35qyGctm&id=1057273995008&categoryId=126862797', 'GooFish', '772067782344205', 107, 'sent', '086f3d86-ac23-59de-97d4-fd90561cc1b1', 147831, NULL, 1, 'Ожидается на складе', NULL, NULL, '2026-06-17T16:23:24.081Z', '2026-06-19T13:44:23.314Z') ON CONFLICT (id) DO NOTHING;
INSERT INTO orders (id, item_description, number_of_item_pieces, item_price, item_store_link, store, incoming_declaration, total_amount, status, recipient_id, dp_shipment_id, dp_track_number, dp_status_id, dp_status_name, dp_weight_kg, last_error, created_at, updated_at) VALUES ('0d5f60b4-81cf-576f-9fed-0f8aad5f0452', 'Lego 43219 б.у. конструктор', 1, 105, 'https://www.goofish.com/item?spm=a21ybx.search.searchFeedList.6.63765c24rtd3BA&id=838666921352&categoryId=126862887', 'GooFish', '79012867308501', 105, 'sent', '679660dd-4891-5e9b-bcee-dc1479fdbf7d', 147696, NULL, 1, 'Ожидается на складе', NULL, NULL, '2026-06-18T08:21:46.689Z', '2026-06-19T05:01:10.708Z') ON CONFLICT (id) DO NOTHING;
INSERT INTO orders (id, item_description, number_of_item_pieces, item_price, item_store_link, store, incoming_declaration, total_amount, status, recipient_id, dp_shipment_id, dp_track_number, dp_status_id, dp_status_name, dp_weight_kg, last_error, created_at, updated_at) VALUES ('20e4f83e-3f54-5949-9f16-44301084593a', 'Стул для дома', 2, 158, 'https://detail.1688.com/offer/1040300912591.html?spm=a360q.8274423/new.goods.productname', '1688', '710088453666', 316, 'sent', '7ec8422d-2a0d-5f7c-8624-a78ab25ae24b', 146845, NULL, 1, 'Ожидается на складе', NULL, NULL, '2026-06-16T13:19:15.448Z', '2026-06-16T15:39:20.068Z') ON CONFLICT (id) DO NOTHING;
INSERT INTO orders (id, item_description, number_of_item_pieces, item_price, item_store_link, store, incoming_declaration, total_amount, status, recipient_id, dp_shipment_id, dp_track_number, dp_status_id, dp_status_name, dp_weight_kg, last_error, created_at, updated_at) VALUES ('df9eebf6-3173-52ce-94a1-04786d10b63c', 'Конструктор лего в пакетике', 1, 27, 'https://item.taobao.com/item.htm?spm=tbpc.boughtlist.suborder_itemtitle.1.77122e8dTWuidi&id=1044521816831&mi_id=0000BZDio4233YjdlsWsygcvFhyPCyhOvYi1Irp1QAzjAKU', 'TaoBao', 'YT7627631586257', 27, 'sent', '679660dd-4891-5e9b-bcee-dc1479fdbf7d', 146846, NULL, 5, 'Добавлен в реестр', 0.068, NULL, '2026-06-16T13:19:46.276Z', '2026-06-20T09:16:58.414Z') ON CONFLICT (id) DO NOTHING;
INSERT INTO orders (id, item_description, number_of_item_pieces, item_price, item_store_link, store, incoming_declaration, total_amount, status, recipient_id, dp_shipment_id, dp_track_number, dp_status_id, dp_status_name, dp_weight_kg, last_error, created_at, updated_at) VALUES ('5d72d165-fa08-5658-ab5e-c019716f3529', 'Lego 75638 б.у. конструктор', 1, 335, 'https://mobile.yangkeduo.com/goods2.html?ps=7SW3y887NG', 'PinDuoDuo', 'YT8879133558927', 335, 'sent', '8602dd0d-0944-54d8-843e-6441f4f85c95', 147025, NULL, 5, 'Добавлен в реестр', 1.068, NULL, '2026-06-17T08:44:14.245Z', '2026-06-20T09:16:58.414Z') ON CONFLICT (id) DO NOTHING;
INSERT INTO orders (id, item_description, number_of_item_pieces, item_price, item_store_link, store, incoming_declaration, total_amount, status, recipient_id, dp_shipment_id, dp_track_number, dp_status_id, dp_status_name, dp_weight_kg, last_error, created_at, updated_at) VALUES ('86912fdf-e667-5a26-ae54-bb32d7c01423', 'Lego 71819 б.у. конструктор', 1, 379, 'https://www.goofish.com/item?spm=a21ybx.pay-success.itemCnxh.2.76606eb8JE2VN6&id=770823588183&categoryId=0', 'GooFish', '772067301648030', 379, 'sent', 'fb1dd838-ed72-545e-a23f-367551d63c2a', 146843, NULL, 5, 'Добавлен в реестр', 1.075, NULL, '2026-06-16T12:15:52.123Z', '2026-06-20T09:16:58.414Z') ON CONFLICT (id) DO NOTHING;
INSERT INTO orders (id, item_description, number_of_item_pieces, item_price, item_store_link, store, incoming_declaration, total_amount, status, recipient_id, dp_shipment_id, dp_track_number, dp_status_id, dp_status_name, dp_weight_kg, last_error, created_at, updated_at) VALUES ('d317abb3-daf0-529c-92fa-9224a7e0b68b', 'Термостат для умного дома Tuya', 3, 92, 'https://detail.1688.com/offer/784294355689.html?spm=a360q.7751291.0.0.283629a8609xt2&sk=common', '1688', 'JT3166999527729', 276, 'sent', '2e105bc9-060e-519d-9bd7-88a8aea51b42', 146851, NULL, 7, 'Поступил на таможню в Китае', 0.968, NULL, '2026-06-16T15:53:32.134Z', '2026-06-20T06:03:05.417Z') ON CONFLICT (id) DO NOTHING;
INSERT INTO orders (id, item_description, number_of_item_pieces, item_price, item_store_link, store, incoming_declaration, total_amount, status, recipient_id, dp_shipment_id, dp_track_number, dp_status_id, dp_status_name, dp_weight_kg, last_error, created_at, updated_at) VALUES ('f509a95e-e055-503a-a6d3-9e8e832b3765', 'Lego 76924 б.у. конструктор', 1, 140, 'https://www.goofish.com/item?spm=a21ybx.search.searchFeedList.27.128f2c40P5QAGi&id=1057027296393&categoryId=126862797', 'GooFish', '772067257356365', 140, 'sent', 'e39f3653-a0d0-5f81-a380-a2c995cd87cf', 146884, NULL, 7, 'Поступил на таможню в Китае', 0.894, NULL, '2026-06-16T17:09:02.797Z', '2026-06-19T04:49:03.704Z') ON CONFLICT (id) DO NOTHING;
INSERT INTO orders (id, item_description, number_of_item_pieces, item_price, item_store_link, store, incoming_declaration, total_amount, status, recipient_id, dp_shipment_id, dp_track_number, dp_status_id, dp_status_name, dp_weight_kg, last_error, created_at, updated_at) VALUES ('22e6873a-90d4-519a-9bae-1e9c245ad642', 'Lego 71429 б.у. конструктор', 1, 80, 'https://www.goofish.com/item?spm=a21ybx.search.searchFeedList.3.48477b53WnWZhu&id=991824609847&categoryId=126862797', 'GooFish', '776241010984114', 80, 'sent', '086f3d86-ac23-59de-97d4-fd90561cc1b1', 146879, NULL, 500, 'Начало таможенного оформления', 0.391, NULL, '2026-06-16T17:01:12.250Z', '2026-06-20T17:30:17.382Z') ON CONFLICT (id) DO NOTHING;
INSERT INTO orders (id, item_description, number_of_item_pieces, item_price, item_store_link, store, incoming_declaration, total_amount, status, recipient_id, dp_shipment_id, dp_track_number, dp_status_id, dp_status_name, dp_weight_kg, last_error, created_at, updated_at) VALUES ('e0596348-3add-53d0-8c42-556610a5d274', 'Сейф', 1, 213, 'https://item.taobao.com/item.htm?spm=tbpc.boughtlist.suborder_itemtitle.1.3ad62e8dj27nic&id=838174112211&mi_id=0000KV16yCAt9w2UNH-jSnLibq0P9ILG5LJCPlbVrE4BEi4', 'TaoBao', 'DPK301894272532', 213, 'sent', 'fb1dd838-ed72-545e-a23f-367551d63c2a', 146898, NULL, 7, 'Поступил на таможню в Китае', 8.9, NULL, '2026-06-16T18:39:49.636Z', '2026-06-19T04:49:03.704Z') ON CONFLICT (id) DO NOTHING;
INSERT INTO orders (id, item_description, number_of_item_pieces, item_price, item_store_link, store, incoming_declaration, total_amount, status, recipient_id, dp_shipment_id, dp_track_number, dp_status_id, dp_status_name, dp_weight_kg, last_error, created_at, updated_at) VALUES ('dbedf7fb-ec86-53a0-833c-473118316c4b', 'Светильник уличный', 1, 162, 'https://item.taobao.com/item.htm?spm=tbpc.boughtlist.suborder_itemtitle.1.76a82e8dfKHAi0&id=674309994645&mi_id=0000AwrZc35l6cKYqftaUuQQ8keWwNwFvjwr9zgLlbHk6Gw', 'TaoBao', 'DPK301894006454', 162, 'sent', '679660dd-4891-5e9b-bcee-dc1479fdbf7d', 146914, NULL, 500, 'Начало таможенного оформления', 6.3, NULL, '2026-06-16T18:49:15.927Z', '2026-06-20T17:30:17.382Z') ON CONFLICT (id) DO NOTHING;
INSERT INTO orders (id, item_description, number_of_item_pieces, item_price, item_store_link, store, incoming_declaration, total_amount, status, recipient_id, dp_shipment_id, dp_track_number, dp_status_id, dp_status_name, dp_weight_kg, last_error, created_at, updated_at) VALUES ('8de41233-529e-5025-a9a7-6cba53c6ccf5', 'Lego 43208 б.у. конструктор', 1, 199, 'https://www.goofish.com/item?spm=a21ybx.search.searchFeedList.14.3fdf2845rMIznc&id=1007980015384&categoryId=126862797', 'GooFish', NULL, 199, 'awaiting_track', NULL, NULL, NULL, NULL, NULL, NULL, NULL, '2026-06-18T08:29:03.287Z', '2026-06-18T08:29:16.414Z') ON CONFLICT (id) DO NOTHING;
INSERT INTO orders (id, item_description, number_of_item_pieces, item_price, item_store_link, store, incoming_declaration, total_amount, status, recipient_id, dp_shipment_id, dp_track_number, dp_status_id, dp_status_name, dp_weight_kg, last_error, created_at, updated_at) VALUES ('281b4bd3-12cf-58e2-ae1c-b09b350d94b8', 'Светильник для садового участка', 1, 87, 'https://mobile.yangkeduo.com/goods1.html?ps=zdbGuhSid2', 'PinDuoDuo', 'DPK317136970041', 87, 'sent', '086f3d86-ac23-59de-97d4-fd90561cc1b1', 146918, NULL, 500, 'Начало таможенного оформления', 3.5, NULL, '2026-06-16T18:50:45.000Z', '2026-06-20T17:30:17.382Z') ON CONFLICT (id) DO NOTHING;
INSERT INTO orders (id, item_description, number_of_item_pieces, item_price, item_store_link, store, incoming_declaration, total_amount, status, recipient_id, dp_shipment_id, dp_track_number, dp_status_id, dp_status_name, dp_weight_kg, last_error, created_at, updated_at) VALUES ('c0420a12-a1c9-5407-9e96-0663d9b7d05f', 'Декор для сада в виде колосков', 1, 315, 'https://detail.1688.com/offer/744024067292.html?spm=a360q.8274423/new.goods.productname', '1688', '982391129', 315, 'sent', '2b812bd8-133f-5d34-b3c4-1cff45d27bfb', 146925, NULL, 5, 'Добавлен в реестр', 23.5, NULL, '2026-06-16T18:54:16.014Z', '2026-06-20T09:15:45.654Z') ON CONFLICT (id) DO NOTHING;
INSERT INTO orders (id, item_description, number_of_item_pieces, item_price, item_store_link, store, incoming_declaration, total_amount, status, recipient_id, dp_shipment_id, dp_track_number, dp_status_id, dp_status_name, dp_weight_kg, last_error, created_at, updated_at) VALUES ('0c941d8d-cfe2-5767-a338-18735d6e488b', 'Lego 40710 б.у. конструктор', 1, 180, 'https://www.goofish.com/item?spm=a21ybx.search.searchFeedList.8.40384251nAqPrm&id=1026444137350&categoryId=126862797', 'GooFish', '772067103015064', 180, 'sent', 'f8b71565-efa7-5174-ba77-94a14c26eb3c', 146890, NULL, 500, 'Начало таможенного оформления', 0.525, NULL, '2026-06-16T18:30:42.613Z', '2026-06-20T17:30:17.382Z') ON CONFLICT (id) DO NOTHING;
INSERT INTO orders (id, item_description, number_of_item_pieces, item_price, item_store_link, store, incoming_declaration, total_amount, status, recipient_id, dp_shipment_id, dp_track_number, dp_status_id, dp_status_name, dp_weight_kg, last_error, created_at, updated_at) VALUES ('70be7871-6e8e-54a4-831d-c3411fed8dcc', 'Lego 43212 б.у. конструктор', 1, 109, 'https://www.goofish.com/item?spm=a21ybx.search.searchFeedList.26.153c1c1fWiOkJb&id=1051164106902&categoryId=126862797', 'GooFish', NULL, 109, 'awaiting_track', NULL, NULL, NULL, NULL, NULL, NULL, NULL, '2026-06-17T18:58:46.002Z', '2026-06-17T18:59:00.482Z') ON CONFLICT (id) DO NOTHING;
INSERT INTO orders (id, item_description, number_of_item_pieces, item_price, item_store_link, store, incoming_declaration, total_amount, status, recipient_id, dp_shipment_id, dp_track_number, dp_status_id, dp_status_name, dp_weight_kg, last_error, created_at, updated_at) VALUES ('6f4042b5-ecd4-51f1-a3fb-92443acffee7', 'Lego 41491 б.у. конструктор', 1, 490, 'https://www.goofish.com/item?spm=a21ybx.search.searchFeedList.18.7cd858baR4bBd8&id=969243495499&categoryId=126862887', 'GooFish', '435224929745141', 490, 'sent', '2b812bd8-133f-5d34-b3c4-1cff45d27bfb', 146870, NULL, 7, 'Поступил на таможню в Китае', 0.34, NULL, '2026-06-16T16:14:32.170Z', '2026-06-20T06:03:05.417Z') ON CONFLICT (id) DO NOTHING;
INSERT INTO orders (id, item_description, number_of_item_pieces, item_price, item_store_link, store, incoming_declaration, total_amount, status, recipient_id, dp_shipment_id, dp_track_number, dp_status_id, dp_status_name, dp_weight_kg, last_error, created_at, updated_at) VALUES ('942cd472-6317-533c-aa27-57530a54d8ec', 'Подстолье для стола', 1, 277, 'https://detail.1688.com/offer/926922923837.html?spm=a360q.8274423/new.goods.productname', '1688', NULL, 277, 'awaiting_track', NULL, NULL, NULL, NULL, NULL, NULL, NULL, '2026-06-20T09:37:38.327Z', '2026-06-20T09:37:38.327Z') ON CONFLICT (id) DO NOTHING;
INSERT INTO orders (id, item_description, number_of_item_pieces, item_price, item_store_link, store, incoming_declaration, total_amount, status, recipient_id, dp_shipment_id, dp_track_number, dp_status_id, dp_status_name, dp_weight_kg, last_error, created_at, updated_at) VALUES ('a1525f53-ad9f-560f-aac9-6be14f7c9696', 'Камера DS-2XA3956F-IS и DS-2CD3955FWD-I', 2, 399, 'https://www.goofish.com/item?spm=a21ybx.search.searchFeedList.3.6f1b109cTLMRPM&id=1059573208343&categoryId=126856401', 'GooFish', '435229941547441', 798, 'sent', 'b43a2b3e-6a0e-5601-9b17-a37f7586bd60', 146944, NULL, 1, 'Ожидается на складе', NULL, NULL, '2026-06-16T18:07:24.958Z', '2026-06-17T04:56:50.519Z') ON CONFLICT (id) DO NOTHING;
INSERT INTO orders (id, item_description, number_of_item_pieces, item_price, item_store_link, store, incoming_declaration, total_amount, status, recipient_id, dp_shipment_id, dp_track_number, dp_status_id, dp_status_name, dp_weight_kg, last_error, created_at, updated_at) VALUES ('cefbdd05-6f3c-5404-ad36-ce58008370d1', 'Lego 43216 б.у. конструктор', 1, 124, 'https://www.goofish.com/item?spm=a21ybx.search.searchFeedList.25.699f23cb9l6Pq2&id=891211297710&categoryId=126862797', 'GooFish', '772067769019642', 124, 'sent', '2b812bd8-133f-5d34-b3c4-1cff45d27bfb', 147694, NULL, 1, 'Ожидается на складе', NULL, NULL, '2026-06-18T08:45:38.753Z', '2026-06-19T04:58:43.843Z') ON CONFLICT (id) DO NOTHING;
INSERT INTO orders (id, item_description, number_of_item_pieces, item_price, item_store_link, store, incoming_declaration, total_amount, status, recipient_id, dp_shipment_id, dp_track_number, dp_status_id, dp_status_name, dp_weight_kg, last_error, created_at, updated_at) VALUES ('234fc6ab-90c9-5694-9fa9-9d19f44f6283', 'Подстолье для стола', 1, 277, 'https://detail.1688.com/offer/926922923837.html?spm=a360q.8274423/new.goods.productname', '1688', 'S71209492071', 277, 'sent', '086f3d86-ac23-59de-97d4-fd90561cc1b1', 146905, NULL, 7, 'Поступил на таможню в Китае', 16, NULL, '2026-06-16T18:44:08.365Z', '2026-06-20T06:03:05.417Z') ON CONFLICT (id) DO NOTHING;
INSERT INTO orders (id, item_description, number_of_item_pieces, item_price, item_store_link, store, incoming_declaration, total_amount, status, recipient_id, dp_shipment_id, dp_track_number, dp_status_id, dp_status_name, dp_weight_kg, last_error, created_at, updated_at) VALUES ('7123e819-faaa-5ec8-bd1d-64d2401085ba', 'Пуфик с деревянными ножками', 2, 389, 'https://item.taobao.com/item.htm?spm=tbpc.boughtlist.suborder_itemtitle.1.1aaf2e8dWV9RNN&id=850162161634&mi_id=0000njf5SbgRbu03hskdU8b2lkuzCoAWwIN5svL_X6zXqPs', 'TaoBao', NULL, 778, 'awaiting_track', NULL, NULL, NULL, NULL, NULL, NULL, NULL, '2026-06-16T18:46:42.321Z', '2026-06-16T18:46:42.321Z') ON CONFLICT (id) DO NOTHING;
INSERT INTO orders (id, item_description, number_of_item_pieces, item_price, item_store_link, store, incoming_declaration, total_amount, status, recipient_id, dp_shipment_id, dp_track_number, dp_status_id, dp_status_name, dp_weight_kg, last_error, created_at, updated_at) VALUES ('978bf509-3ffd-585e-8343-d9298fcb4f3b', 'Сейф', 1, 213, 'https://item.taobao.com/item.htm?spm=tbpc.boughtlist.suborder_itemtitle.1.3ad62e8dj27nic&id=838174112211&mi_id=0000KV16yCAt9w2UNH-jSnLibq0P9ILG5LJCPlbVrE4BEi4', 'TaoBao', 'DPK301896186577', 213, 'sent', 'b43a2b3e-6a0e-5601-9b17-a37f7586bd60', 147341, NULL, 1, 'Ожидается на складе', NULL, NULL, '2026-06-17T07:54:10.570Z', '2026-06-18T05:38:22.161Z') ON CONFLICT (id) DO NOTHING;
INSERT INTO orders (id, item_description, number_of_item_pieces, item_price, item_store_link, store, incoming_declaration, total_amount, status, recipient_id, dp_shipment_id, dp_track_number, dp_status_id, dp_status_name, dp_weight_kg, last_error, created_at, updated_at) VALUES ('ce74488a-8502-5be5-93a1-573f0c0f9b56', 'Lego 40905 б.у. конструктор', 1, 45, 'https://mobile.yangkeduo.com/goods1.html?ps=Y6yVRfkKa5', 'PinDuoDuo', '777418727880568', 45, 'sent', '086f3d86-ac23-59de-97d4-fd90561cc1b1', 146892, NULL, 500, 'Начало таможенного оформления', 0.362, NULL, '2026-06-16T18:33:35.271Z', '2026-06-20T17:30:17.382Z') ON CONFLICT (id) DO NOTHING;
INSERT INTO orders (id, item_description, number_of_item_pieces, item_price, item_store_link, store, incoming_declaration, total_amount, status, recipient_id, dp_shipment_id, dp_track_number, dp_status_id, dp_status_name, dp_weight_kg, last_error, created_at, updated_at) VALUES ('d5488c47-3568-554f-a46b-7e56c472b83e', 'Искуственное дерево', 2, 214, 'https://trade.1688.com/order/offer_snapshot.htm?order_entry_id=5119417083668058603', '1688', '302127453633', 428, 'sent', '73be0c7e-c121-535a-8a60-27015327df07', 146922, NULL, 7, 'Поступил на таможню в Китае', 15.1, NULL, '2026-06-16T18:52:30.907Z', '2026-06-19T04:49:03.704Z') ON CONFLICT (id) DO NOTHING;
INSERT INTO orders (id, item_description, number_of_item_pieces, item_price, item_store_link, store, incoming_declaration, total_amount, status, recipient_id, dp_shipment_id, dp_track_number, dp_status_id, dp_status_name, dp_weight_kg, last_error, created_at, updated_at) VALUES ('7885e1c2-4215-58de-8373-f76c50e362cf', 'Роутер Xiaomi 6500', 1, 420, 'https://mobile.yangkeduo.com/goods1.html?ps=HCvw7DjfiN', 'PinDuoDuo', '79113517737796', 420, 'sent', 'e39f3653-a0d0-5f81-a380-a2c995cd87cf', 146897, NULL, 500, 'Начало таможенного оформления', 2.405, NULL, '2026-06-16T18:39:18.329Z', '2026-06-20T17:30:17.382Z') ON CONFLICT (id) DO NOTHING;
INSERT INTO orders (id, item_description, number_of_item_pieces, item_price, item_store_link, store, incoming_declaration, total_amount, status, recipient_id, dp_shipment_id, dp_track_number, dp_status_id, dp_status_name, dp_weight_kg, last_error, created_at, updated_at) VALUES ('19a73873-4da0-5cc7-af5c-559eb4a42771', 'Стул для дома', 2, 158, 'https://detail.1688.com/offer/1040300912591.html?spm=a360q.8274423/new.goods.productname', '1688', NULL, 316, 'awaiting_track', NULL, NULL, NULL, NULL, NULL, NULL, NULL, '2026-06-20T09:37:47.716Z', '2026-06-20T09:37:47.716Z') ON CONFLICT (id) DO NOTHING;
INSERT INTO orders (id, item_description, number_of_item_pieces, item_price, item_store_link, store, incoming_declaration, total_amount, status, recipient_id, dp_shipment_id, dp_track_number, dp_status_id, dp_status_name, dp_weight_kg, last_error, created_at, updated_at) VALUES ('107435a2-639f-5072-b22a-8b8aab36a1c6', 'Комплект полотенец', 1, 138, 'https://detail.1688.com/offer/664843310160.html?spm=a360q.8274423/new.goods.productname', '1688', '500266511043', 138, 'sent', 'e39f3653-a0d0-5f81-a380-a2c995cd87cf', 146923, NULL, 1, 'Ожидается на складе', NULL, NULL, '2026-06-16T18:52:57.789Z', '2026-06-16T18:52:59.236Z') ON CONFLICT (id) DO NOTHING;
INSERT INTO orders (id, item_description, number_of_item_pieces, item_price, item_store_link, store, incoming_declaration, total_amount, status, recipient_id, dp_shipment_id, dp_track_number, dp_status_id, dp_status_name, dp_weight_kg, last_error, created_at, updated_at) VALUES ('15761139-2f30-55b5-a2ae-12289185a91b', 'Стул для дома', 2, 158, 'https://detail.1688.com/offer/1040300912591.html?spm=a360q.8274423/new.goods.productname', '1688', '710088082971', 316, 'sent', '7ec8422d-2a0d-5f7c-8624-a78ab25ae24b', 146913, NULL, 5, 'Добавлен в реестр', 13.9, NULL, '2026-06-16T18:43:19.897Z', '2026-06-20T07:59:06.845Z') ON CONFLICT (id) DO NOTHING;
INSERT INTO orders (id, item_description, number_of_item_pieces, item_price, item_store_link, store, incoming_declaration, total_amount, status, recipient_id, dp_shipment_id, dp_track_number, dp_status_id, dp_status_name, dp_weight_kg, last_error, created_at, updated_at) VALUES ('cc97d384-810d-5f56-b9ea-d10e480c2571', 'Чайник', 1, 92, 'https://detail.tmall.com/item.htm?abbucket=2&id=1042376547688&mi_id=0000QhaCZFlTSygCW2H3OXfXivecZf2Fi0LsHieiEWTFHGc&ns=1&priceTId=2100c82317817840943233671e070a&skuId=6066218357313&spm=a21n57.imgsearch.item.1&utparam=%7B%22aplus_abtest%22%3A%220f0ec109ddd49236ffc5b7a2eda72305%22%7D&xxc=taobaoSearch', 'TaoBao', 'JT3167467067736', 92, 'sent', '8602dd0d-0944-54d8-843e-6441f4f85c95', 147689, NULL, 1, 'Ожидается на складе', NULL, NULL, '2026-06-18T12:05:26.099Z', '2026-06-19T04:54:05.246Z') ON CONFLICT (id) DO NOTHING;
INSERT INTO orders (id, item_description, number_of_item_pieces, item_price, item_store_link, store, incoming_declaration, total_amount, status, recipient_id, dp_shipment_id, dp_track_number, dp_status_id, dp_status_name, dp_weight_kg, last_error, created_at, updated_at) VALUES ('666ef39a-b617-5982-865d-569c0deb346d', 'Камера Aqara G3', 1, 260, 'https://www.goofish.com/item?spm=a21ybx.personal.feeds.20.576c6ac2m2avfS&id=1037681592688&categoryId=50025261', 'GooFish', 'YT2543566413220', 260, 'sent', '8602dd0d-0944-54d8-843e-6441f4f85c95', 146895, NULL, 500, 'Начало таможенного оформления', 0.331, NULL, '2026-06-16T18:37:29.769Z', '2026-06-20T17:30:17.382Z') ON CONFLICT (id) DO NOTHING;
INSERT INTO orders (id, item_description, number_of_item_pieces, item_price, item_store_link, store, incoming_declaration, total_amount, status, recipient_id, dp_shipment_id, dp_track_number, dp_status_id, dp_status_name, dp_weight_kg, last_error, created_at, updated_at) VALUES ('5fab9ce3-32fb-5ad6-a4a3-641a93b0df70', 'Lego 40679 б.у. конструктор', 1, 24, 'https://www.goofish.com/item?spm=a21ybx.search.searchFeedList.5.7eae4a218pCSsf&id=990497346691&categoryId=126862797', 'GooFish', '772067336727719', 24, 'sent', '7ec8422d-2a0d-5f7c-8624-a78ab25ae24b', 146887, NULL, 5, 'Добавлен в реестр', 0.227, NULL, '2026-06-16T18:28:03.818Z', '2026-06-20T09:16:58.414Z') ON CONFLICT (id) DO NOTHING;
INSERT INTO orders (id, item_description, number_of_item_pieces, item_price, item_store_link, store, incoming_declaration, total_amount, status, recipient_id, dp_shipment_id, dp_track_number, dp_status_id, dp_status_name, dp_weight_kg, last_error, created_at, updated_at) VALUES ('01dc069d-266e-5eb6-a917-ed9b32afe749', 'Lego 43232 б.у. конструктор', 1, 190, 'https://mobile.yangkeduo.com/goods1.html?ps=OlS7Ag8a4v', 'PinDuoDuo', '435231517192069', 190, 'sent', 'f8b71565-efa7-5174-ba77-94a14c26eb3c', 147340, NULL, 1, 'Ожидается на складе', NULL, NULL, '2026-06-17T16:56:51.395Z', '2026-06-18T05:37:07.149Z') ON CONFLICT (id) DO NOTHING;
INSERT INTO orders (id, item_description, number_of_item_pieces, item_price, item_store_link, store, incoming_declaration, total_amount, status, recipient_id, dp_shipment_id, dp_track_number, dp_status_id, dp_status_name, dp_weight_kg, last_error, created_at, updated_at) VALUES ('456f8b15-9f0d-578e-acf5-feffea787b36', 'Lego 71814 б.у. конструктор', 1, 515, 'https://www.goofish.com/item?spm=a21ybx.search.searchFeedList.7.500b7d024bj0U0&id=1041876395289&categoryId=126862797', 'GooFish', '772067146033765', 515, 'sent', '2e105bc9-060e-519d-9bd7-88a8aea51b42', 146893, NULL, 7, 'Поступил на таможню в Китае', 4.9, NULL, '2026-06-16T18:34:15.789Z', '2026-06-19T04:49:03.704Z') ON CONFLICT (id) DO NOTHING;
INSERT INTO orders (id, item_description, number_of_item_pieces, item_price, item_store_link, store, incoming_declaration, total_amount, status, recipient_id, dp_shipment_id, dp_track_number, dp_status_id, dp_status_name, dp_weight_kg, last_error, created_at, updated_at) VALUES ('99db64a6-0d95-5efb-8385-759069ed0107', 'Стул для дома', 2, 158, 'https://detail.1688.com/offer/1040300912591.html?spm=a360q.8274423/new.goods.productname', '1688', '710088082966', 316, 'sent', 'f8b71565-efa7-5174-ba77-94a14c26eb3c', 146903, NULL, 5, 'Добавлен в реестр', 14.1, NULL, '2026-06-16T18:42:39.535Z', '2026-06-20T07:59:06.845Z') ON CONFLICT (id) DO NOTHING;
INSERT INTO orders (id, item_description, number_of_item_pieces, item_price, item_store_link, store, incoming_declaration, total_amount, status, recipient_id, dp_shipment_id, dp_track_number, dp_status_id, dp_status_name, dp_weight_kg, last_error, created_at, updated_at) VALUES ('a325e6e3-6148-5d2b-b26a-697338c7fd79', 'Сейф', 1, 213, 'https://item.taobao.com/item.htm?spm=tbpc.boughtlist.suborder_itemtitle.1.3ad62e8dj27nic&id=838174112211&mi_id=0000KV16yCAt9w2UNH-jSnLibq0P9ILG5LJCPlbVrE4BEi4', 'TaoBao', 'DPK301895554989', 213, 'sent', '73be0c7e-c121-535a-8a60-27015327df07', 146791, NULL, 1, 'Ожидается на складе', NULL, NULL, '2026-06-16T12:15:13.511Z', '2026-06-16T14:00:29.906Z') ON CONFLICT (id) DO NOTHING;
INSERT INTO orders (id, item_description, number_of_item_pieces, item_price, item_store_link, store, incoming_declaration, total_amount, status, recipient_id, dp_shipment_id, dp_track_number, dp_status_id, dp_status_name, dp_weight_kg, last_error, created_at, updated_at) VALUES ('ea6ba366-50db-59d7-9217-afcb0b22d2ad', 'Lego 40746 б.у. конструктор', 1, 65, 'https://mobile.yangkeduo.com/goods1.html?ps=4ujTsLUAw7', 'PinDuoDuo', 'YT8878496025165', 65, 'sent', '679660dd-4891-5e9b-bcee-dc1479fdbf7d', 146888, NULL, 5, 'Добавлен в реестр', 0.525, NULL, '2026-06-16T18:29:26.141Z', '2026-06-20T09:16:58.414Z') ON CONFLICT (id) DO NOTHING;
INSERT INTO orders (id, item_description, number_of_item_pieces, item_price, item_store_link, store, incoming_declaration, total_amount, status, recipient_id, dp_shipment_id, dp_track_number, dp_status_id, dp_status_name, dp_weight_kg, last_error, created_at, updated_at) VALUES ('3df8d695-fbe3-50a8-91d2-47a70b5e01a9', 'Lego 40521 б.у. конструктор', 1, 75, 'https://www.goofish.com/item?spm=a21ybx.search.searchFeedList.26.172d7411WcyNoy&id=1054872858002&categoryId=126862797', 'GooFish', '79012725335705', 75, 'sent', 'd4c3dfe3-8b3c-521c-964b-f8597756d2f9', 147343, NULL, 1, 'Ожидается на складе', NULL, NULL, '2026-06-17T21:31:45.629Z', '2026-06-18T05:41:34.341Z') ON CONFLICT (id) DO NOTHING;
INSERT INTO orders (id, item_description, number_of_item_pieces, item_price, item_store_link, store, incoming_declaration, total_amount, status, recipient_id, dp_shipment_id, dp_track_number, dp_status_id, dp_status_name, dp_weight_kg, last_error, created_at, updated_at) VALUES ('e88fc1a1-01e8-52ed-808d-571314e6c6c0', 'Зеркало в ванную', 1, 609, 'https://item.taobao.com/item.htm?spm=tbpc.boughtlist.suborder_itemtitle.1.103b2e8dpFSTat&id=825533138697&mi_id=00000jEGJADV_iSCC-Xy6WxYNjpjcYPRgSU1fc6_Ym1lHoo', 'TaoBao', NULL, 609, 'awaiting_track', NULL, NULL, NULL, NULL, NULL, NULL, NULL, '2026-06-16T13:43:05.196Z', '2026-06-16T13:43:05.196Z') ON CONFLICT (id) DO NOTHING;
INSERT INTO orders (id, item_description, number_of_item_pieces, item_price, item_store_link, store, incoming_declaration, total_amount, status, recipient_id, dp_shipment_id, dp_track_number, dp_status_id, dp_status_name, dp_weight_kg, last_error, created_at, updated_at) VALUES ('5b0505c5-ee6a-53e2-ae89-f1f11870fc80', 'Lego 77092 б.у. конструктор', 1, 490, 'https://www.goofish.com/item?spm=a21ybx.search.searchFeedList.18.7cd858baR4bBd8&id=969243495499&categoryId=126862887', 'GooFish', 'SF0289410699227', 490, 'sent', '7ec8422d-2a0d-5f7c-8624-a78ab25ae24b', 146874, NULL, 500, 'Начало таможенного оформления', 4.36, NULL, '2026-06-16T16:53:42.957Z', '2026-06-20T17:30:17.382Z') ON CONFLICT (id) DO NOTHING;
INSERT INTO orders (id, item_description, number_of_item_pieces, item_price, item_store_link, store, incoming_declaration, total_amount, status, recipient_id, dp_shipment_id, dp_track_number, dp_status_id, dp_status_name, dp_weight_kg, last_error, created_at, updated_at) VALUES ('11b03190-6319-5b94-bcae-b54ebf06bbe3', 'Цветок искусственный', 2, 60, 'https://detail.1688.com/offer/897574681899.html?spm=a360q.8274423/new.goods.productname', '1688', '302122088902', 120, 'sent', '73be0c7e-c121-535a-8a60-27015327df07', 146909, NULL, 500, 'Начало таможенного оформления', 14.5, NULL, '2026-06-16T18:46:22.927Z', '2026-06-20T17:30:17.382Z') ON CONFLICT (id) DO NOTHING;
INSERT INTO orders (id, item_description, number_of_item_pieces, item_price, item_store_link, store, incoming_declaration, total_amount, status, recipient_id, dp_shipment_id, dp_track_number, dp_status_id, dp_status_name, dp_weight_kg, last_error, created_at, updated_at) VALUES ('9299dfce-e57b-5e8f-9b78-136f816872ad', 'Ручки для шкафа (комплект)', 1, 674, 'https://mobile.yangkeduo.com/goods.html?ps=Sxui9LbdRq', 'PinDuoDuo', '79114622070744', 674, 'sent', 'b43a2b3e-6a0e-5601-9b17-a37f7586bd60', 146849, NULL, 1, 'Ожидается на складе', NULL, NULL, '2026-06-16T13:45:17.407Z', '2026-06-16T15:51:15.502Z') ON CONFLICT (id) DO NOTHING;
INSERT INTO orders (id, item_description, number_of_item_pieces, item_price, item_store_link, store, incoming_declaration, total_amount, status, recipient_id, dp_shipment_id, dp_track_number, dp_status_id, dp_status_name, dp_weight_kg, last_error, created_at, updated_at) VALUES ('f5a0bd63-5609-52ea-ade2-7793f5ceaac4', 'Lego 76934 б.у. конструктор', 1, 60, 'https://www.goofish.com/item?spm=a21ybx.search.searchFeedList.28.1fd6a9543fAY5a&id=1056324441317&categoryId=126862797', 'GooFish', '772067336598838', 60, 'sent', 'fb1dd838-ed72-545e-a23f-367551d63c2a', 146885, NULL, 5, 'Добавлен в реестр', 0.27, NULL, '2026-06-16T18:26:46.037Z', '2026-06-20T09:16:58.414Z') ON CONFLICT (id) DO NOTHING;
INSERT INTO orders (id, item_description, number_of_item_pieces, item_price, item_store_link, store, incoming_declaration, total_amount, status, recipient_id, dp_shipment_id, dp_track_number, dp_status_id, dp_status_name, dp_weight_kg, last_error, created_at, updated_at) VALUES ('d8e579f1-256a-5409-b0a3-1e9fd3ea555a', 'Тонометр', 1, 82, 'https://mobile.yangkeduo.com/goods2.html?ps=mTYN5GLciA', 'PinDuoDuo', '79115393318013', 82, 'sent', '2e105bc9-060e-519d-9bd7-88a8aea51b42', 148009, NULL, 1, 'Ожидается на складе', NULL, NULL, '2026-06-19T21:31:11.554Z', '2026-06-20T07:12:16.502Z') ON CONFLICT (id) DO NOTHING;
INSERT INTO orders (id, item_description, number_of_item_pieces, item_price, item_store_link, store, incoming_declaration, total_amount, status, recipient_id, dp_shipment_id, dp_track_number, dp_status_id, dp_status_name, dp_weight_kg, last_error, created_at, updated_at) VALUES ('c90a6916-f835-5909-868f-22e666da3182', 'Термостат для умного дома Tuya', 3, 92, 'https://detail.1688.com/offer/784294355689.html?spm=a360q.7751291.0.0.283629a8609xt2&sk=common', '1688', 'JT3167367085853', 276, 'sent', '73be0c7e-c121-535a-8a60-27015327df07', 147369, NULL, 1, 'Ожидается на складе', NULL, NULL, '2026-06-16T13:49:22.099Z', '2026-06-18T07:34:38.729Z') ON CONFLICT (id) DO NOTHING;
INSERT INTO orders (id, item_description, number_of_item_pieces, item_price, item_store_link, store, incoming_declaration, total_amount, status, recipient_id, dp_shipment_id, dp_track_number, dp_status_id, dp_status_name, dp_weight_kg, last_error, created_at, updated_at) VALUES ('f7ef8942-fd3e-5ae9-9435-146825a30a50', 'Светильник для садового участка', 1, 87, 'https://mobile.yangkeduo.com/goods1.html?ps=zdbGuhSid2', 'PinDuoDuo', 'DPK317136969866', 87, 'sent', 'b43a2b3e-6a0e-5601-9b17-a37f7586bd60', 146917, NULL, 500, 'Начало таможенного оформления', 1.323, NULL, '2026-06-16T18:50:26.017Z', '2026-06-20T17:30:17.382Z') ON CONFLICT (id) DO NOTHING;
INSERT INTO orders (id, item_description, number_of_item_pieces, item_price, item_store_link, store, incoming_declaration, total_amount, status, recipient_id, dp_shipment_id, dp_track_number, dp_status_id, dp_status_name, dp_weight_kg, last_error, created_at, updated_at) VALUES ('6775b3e7-54b1-5935-872b-9c7513c10263', 'Замок для двери', 2, 95, 'https://mobile.yangkeduo.com/goods1.html?ps=MqMB236uld', 'PinDuoDuo', '79113640342699', 190, 'sent', '2b812bd8-133f-5d34-b3c4-1cff45d27bfb', 146899, NULL, 500, 'Начало таможенного оформления', 7.152, NULL, '2026-06-16T18:40:25.352Z', '2026-06-20T17:30:17.382Z') ON CONFLICT (id) DO NOTHING;
INSERT INTO orders (id, item_description, number_of_item_pieces, item_price, item_store_link, store, incoming_declaration, total_amount, status, recipient_id, dp_shipment_id, dp_track_number, dp_status_id, dp_status_name, dp_weight_kg, last_error, created_at, updated_at) VALUES ('ff4bc77a-579e-5d95-82cb-28d6cfe37b4c', 'Кашпо вязаное для цвека', 3, 15, 'https://detail.1688.com/offer/1003795767491.html?spm=a360q.8274423/new.goods.productname', '1688', '760232403559', 45, 'sent', '8602dd0d-0944-54d8-843e-6441f4f85c95', 146908, NULL, 7, 'Поступил на таможню в Китае', 5.2, NULL, '2026-06-16T18:45:56.176Z', '2026-06-19T04:49:03.704Z') ON CONFLICT (id) DO NOTHING;
INSERT INTO orders (id, item_description, number_of_item_pieces, item_price, item_store_link, store, incoming_declaration, total_amount, status, recipient_id, dp_shipment_id, dp_track_number, dp_status_id, dp_status_name, dp_weight_kg, last_error, created_at, updated_at) VALUES ('5eda1ab8-7cd2-51d9-9896-3bfea0bfee4d', 'Зеркало в прихожую', 1, 135, 'https://detail.1688.com/offer/861933269998.html', '1688', '302136144584', 135, 'sent', '679660dd-4891-5e9b-bcee-dc1479fdbf7d', 147031, NULL, 1, 'Ожидается на складе', NULL, NULL, '2026-06-17T07:30:43.813Z', '2026-06-17T10:27:42.405Z') ON CONFLICT (id) DO NOTHING;
INSERT INTO orders (id, item_description, number_of_item_pieces, item_price, item_store_link, store, incoming_declaration, total_amount, status, recipient_id, dp_shipment_id, dp_track_number, dp_status_id, dp_status_name, dp_weight_kg, last_error, created_at, updated_at) VALUES ('b610f5b5-9ade-5fb4-b04e-7b009698bd07', 'Lego 43267 б.у. конструктор', 1, 200, 'https://www.goofish.com/item?spm=a21ybx.search.searchFeedList.4.7cbe3917l6vBwo&id=1055487138793&categoryId=126862797', 'GooFish', NULL, 200, 'awaiting_track', NULL, NULL, NULL, NULL, NULL, NULL, NULL, '2026-06-18T09:29:02.991Z', '2026-06-18T09:29:14.361Z') ON CONFLICT (id) DO NOTHING;
INSERT INTO orders (id, item_description, number_of_item_pieces, item_price, item_store_link, store, incoming_declaration, total_amount, status, recipient_id, dp_shipment_id, dp_track_number, dp_status_id, dp_status_name, dp_weight_kg, last_error, created_at, updated_at) VALUES ('a96aa974-119c-58d5-a000-0dac8b3418ac', 'Светильник подвесной', 3, 45, 'https://mobile.yangkeduo.com/goods.html?ps=GkNtgSlhwW', 'PinDuoDuo', '465413000810557', 135, 'sent', '679660dd-4891-5e9b-bcee-dc1479fdbf7d', 146901, NULL, 500, 'Начало таможенного оформления', 2.448, NULL, '2026-06-16T18:42:02.625Z', '2026-06-20T17:30:17.382Z') ON CONFLICT (id) DO NOTHING;
INSERT INTO orders (id, item_description, number_of_item_pieces, item_price, item_store_link, store, incoming_declaration, total_amount, status, recipient_id, dp_shipment_id, dp_track_number, dp_status_id, dp_status_name, dp_weight_kg, last_error, created_at, updated_at) VALUES ('b6cbe42c-3b1a-5a0d-9f2c-e9603972137d', 'Lego 71437 б.у. конструктор', 1, 390, 'https://www.goofish.com/item?spm=a21ybx.search.searchFeedList.24.168118e7tk5Knt&id=1033228064417&categoryId=126862797', 'GooFish', '73600390850606', 390, 'sent', '89b6a24f-562f-5aa7-9a54-608e4fb55e8b', 146876, NULL, 7, 'Поступил на таможню в Китае', 2.13, NULL, '2026-06-16T16:56:05.543Z', '2026-06-20T06:03:05.417Z') ON CONFLICT (id) DO NOTHING;
INSERT INTO orders (id, item_description, number_of_item_pieces, item_price, item_store_link, store, incoming_declaration, total_amount, status, recipient_id, dp_shipment_id, dp_track_number, dp_status_id, dp_status_name, dp_weight_kg, last_error, created_at, updated_at) VALUES ('5cd40274-8fd5-5cd8-90ed-1178bfe93bfc', 'Смеситель для раковины', 2, 135, 'https://detail.1688.com/offer/758088203400.html?spm=a360q.7751291.0.0.283629a87DZMyT&sk=common', '1688', NULL, 270, 'awaiting_track', NULL, NULL, NULL, NULL, NULL, NULL, NULL, '2026-06-18T07:01:48.296Z', '2026-06-18T07:01:48.296Z') ON CONFLICT (id) DO NOTHING;
INSERT INTO orders (id, item_description, number_of_item_pieces, item_price, item_store_link, store, incoming_declaration, total_amount, status, recipient_id, dp_shipment_id, dp_track_number, dp_status_id, dp_status_name, dp_weight_kg, last_error, created_at, updated_at) VALUES ('379580d4-748c-5727-a7e3-405d0edda182', 'Lego 76996 б.у. конструктор', 1, 225, 'https://www.goofish.com/item?spm=a21ybx.search.searchFeedList.20.b2ca2d1bNeyQKh&id=1043924428573&categoryId=126862797', 'GooFish', 'SF0221359088706', 225, 'sent', '89b6a24f-562f-5aa7-9a54-608e4fb55e8b', 146847, NULL, 5, 'Добавлен в реестр', 0.724, NULL, '2026-06-16T13:39:03.831Z', '2026-06-20T09:16:58.414Z') ON CONFLICT (id) DO NOTHING;
INSERT INTO orders (id, item_description, number_of_item_pieces, item_price, item_store_link, store, incoming_declaration, total_amount, status, recipient_id, dp_shipment_id, dp_track_number, dp_status_id, dp_status_name, dp_weight_kg, last_error, created_at, updated_at) VALUES ('5e971210-491d-50e1-94ea-0bfaaba6a5b5', 'Lego 71820 конструктор', 1, 210, 'https://www.goofish.com/item?spm=a21ybx.personal.feeds.21.2e0e6ac2F10219&id=1038569210569&categoryId=50023914', 'GooFish', 'YT2588936269140', 210, 'sent', '7ec8422d-2a0d-5f7c-8624-a78ab25ae24b', 146900, NULL, 1, 'Ожидается на складе', NULL, NULL, '2026-06-16T18:41:32.723Z', '2026-06-16T18:41:34.350Z') ON CONFLICT (id) DO NOTHING;
INSERT INTO orders (id, item_description, number_of_item_pieces, item_price, item_store_link, store, incoming_declaration, total_amount, status, recipient_id, dp_shipment_id, dp_track_number, dp_status_id, dp_status_name, dp_weight_kg, last_error, created_at, updated_at) VALUES ('62124119-a004-54b3-b990-b4d21a3b3a47', 'Бумажная рыбка (поделка)', 1, 71, 'https://mobile.yangkeduo.com/goods2.html?ps=My3nDPDlg2', 'PinDuoDuo', '465428140963945', 71, 'sent', '89b6a24f-562f-5aa7-9a54-608e4fb55e8b', 146928, NULL, 7, 'Поступил на таможню в Китае', 1.3, NULL, '2026-06-16T18:55:33.993Z', '2026-06-20T06:03:05.417Z') ON CONFLICT (id) DO NOTHING;
INSERT INTO orders (id, item_description, number_of_item_pieces, item_price, item_store_link, store, incoming_declaration, total_amount, status, recipient_id, dp_shipment_id, dp_track_number, dp_status_id, dp_status_name, dp_weight_kg, last_error, created_at, updated_at) VALUES ('71bf290c-3581-53fa-ba54-4f1372bd2e85', 'Сумка джинсовая', 1, 27, 'https://mobile.yangkeduo.com/goods.html?ps=p8phuwVHZM', 'PinDuoDuo', NULL, 27, 'awaiting_track', NULL, NULL, NULL, NULL, NULL, NULL, NULL, '2026-06-16T13:45:35.889Z', '2026-06-16T13:45:35.889Z') ON CONFLICT (id) DO NOTHING;
INSERT INTO orders (id, item_description, number_of_item_pieces, item_price, item_store_link, store, incoming_declaration, total_amount, status, recipient_id, dp_shipment_id, dp_track_number, dp_status_id, dp_status_name, dp_weight_kg, last_error, created_at, updated_at) VALUES ('c5677b7d-1564-5597-8740-d931d070ea23', 'Ручки для шкафа (комплект)', 1, 324, 'https://mobile.yangkeduo.com/goods.html?ps=Sxui9LbdRq', 'PinDuoDuo', NULL, 324, 'awaiting_track', NULL, NULL, NULL, NULL, NULL, NULL, NULL, '2026-06-17T04:53:11.119Z', '2026-06-17T04:53:26.493Z') ON CONFLICT (id) DO NOTHING;
INSERT INTO orders (id, item_description, number_of_item_pieces, item_price, item_store_link, store, incoming_declaration, total_amount, status, recipient_id, dp_shipment_id, dp_track_number, dp_status_id, dp_status_name, dp_weight_kg, last_error, created_at, updated_at) VALUES ('833048bd-fab0-5bef-bdc3-788f1a4aa490', 'Босоножки 39 размер', 1, 68, 'https://item.taobao.com/item.htm?spm=tbpc.boughtlist.suborder_itemtitle.1.4da92e8dHNI2q2&id=1056304277990&mi_id=0000FJWLxLxCwrya2AudRjVvQxHETpCfHNjdugJnG6l-3v0', 'TaoBao', '773426987607177', 68, 'sent', '73be0c7e-c121-535a-8a60-27015327df07', 146680, NULL, 5, 'Добавлен в реестр', 0.423, NULL, '2026-06-16T12:12:33.203Z', '2026-06-20T09:16:58.414Z') ON CONFLICT (id) DO NOTHING;
INSERT INTO orders (id, item_description, number_of_item_pieces, item_price, item_store_link, store, incoming_declaration, total_amount, status, recipient_id, dp_shipment_id, dp_track_number, dp_status_id, dp_status_name, dp_weight_kg, last_error, created_at, updated_at) VALUES ('a0c565c0-89b6-5749-85b7-5d151860cc52', 'Конструктор лего в пакетике', 3, 32, 'https://item.taobao.com/item.htm?spm=tbpc.boughtlist.suborder_itemtitle.1.32d22e8d2ombSM&id=1022375019371&mi_id=00004ABVFAUyQyRjBWa8NVMrtQymV9GwiKTBmCGMl1hGTuQ', 'TaoBao', 'SF1569377884283', 96, 'sent', '7ec8422d-2a0d-5f7c-8624-a78ab25ae24b', 146858, NULL, 500, 'Начало таможенного оформления', 1.028, NULL, '2026-06-16T15:58:45.769Z', '2026-06-20T17:30:17.382Z') ON CONFLICT (id) DO NOTHING;
INSERT INTO orders (id, item_description, number_of_item_pieces, item_price, item_store_link, store, incoming_declaration, total_amount, status, recipient_id, dp_shipment_id, dp_track_number, dp_status_id, dp_status_name, dp_weight_kg, last_error, created_at, updated_at) VALUES ('b7042538-68d3-5472-a337-59416bc36da5', 'Костюм женский голубой', 1, 19, 'https://mobile.yangkeduo.com/goods2.html?ps=2O2v7y6aCq', 'PinDuoDuo', NULL, 19, 'awaiting_track', NULL, NULL, NULL, NULL, NULL, NULL, NULL, '2026-06-16T13:42:47.430Z', '2026-06-16T13:42:47.430Z') ON CONFLICT (id) DO NOTHING;
INSERT INTO orders (id, item_description, number_of_item_pieces, item_price, item_store_link, store, incoming_declaration, total_amount, status, recipient_id, dp_shipment_id, dp_track_number, dp_status_id, dp_status_name, dp_weight_kg, last_error, created_at, updated_at) VALUES ('b9b8fe02-2451-5513-badc-afc5290bf003', 'Набор для ванны', 1, 213, 'https://detail.1688.com/offer/750149042669.html?spm=a360q.7751291.0.0.538829a8YCeboc&sk=common', '1688', 'JT3167382208937', 213, 'sent', 'b43a2b3e-6a0e-5601-9b17-a37f7586bd60', 147683, NULL, 1, 'Ожидается на складе', NULL, NULL, '2026-06-17T21:25:04.784Z', '2026-06-19T04:52:22.163Z') ON CONFLICT (id) DO NOTHING;

-- salary_records
INSERT INTO salary_records (id, employee_id, month, hours, hourly_rate, bonuses, deductions, total, paid, paid_at, updated_at) VALUES ('2026-05_b6ec01c0-d9fe-5c59-b51d-41422721915c', 'b6ec01c0-d9fe-5c59-b51d-41422721915c', '2026-05', 235.19, 345, 0, 0, 81140.55, TRUE, '2026-06-16T17:05:52.888Z', '2026-06-17T05:42:32.023Z') ON CONFLICT (id) DO NOTHING;
INSERT INTO salary_records (id, employee_id, month, hours, hourly_rate, bonuses, deductions, total, paid, paid_at, updated_at) VALUES ('2026-05_ebb45d76-f38d-5753-bbbb-bd7e49e8005b', 'ebb45d76-f38d-5753-bbbb-bd7e49e8005b', '2026-05', 279.93, 345, 0, 0, 96575.85, TRUE, '2026-06-16T17:05:52.888Z', '2026-06-17T05:42:32.023Z') ON CONFLICT (id) DO NOTHING;
INSERT INTO salary_records (id, employee_id, month, hours, hourly_rate, bonuses, deductions, total, paid, paid_at, updated_at) VALUES ('2026-05_9a423c3e-a0cc-5aee-a255-9e97ffb44161', '9a423c3e-a0cc-5aee-a255-9e97ffb44161', '2026-05', 128.03, 500, 0, 0, 64015, TRUE, '2026-06-16T17:05:52.888Z', '2026-06-17T05:42:32.023Z') ON CONFLICT (id) DO NOTHING;
INSERT INTO salary_records (id, employee_id, month, hours, hourly_rate, bonuses, deductions, total, paid, paid_at, updated_at) VALUES ('2026-05_abcdd2df-4841-53a2-a64c-16ed71dc6b97', 'abcdd2df-4841-53a2-a64c-16ed71dc6b97', '2026-05', 228.35, 345, 0, 0, 78780.75, TRUE, '2026-06-16T17:05:52.888Z', '2026-06-17T05:42:32.023Z') ON CONFLICT (id) DO NOTHING;
INSERT INTO salary_records (id, employee_id, month, hours, hourly_rate, bonuses, deductions, total, paid, paid_at, updated_at) VALUES ('2026-05_d504ebdb-4476-56d9-98c2-8743cadfce1b', 'd504ebdb-4476-56d9-98c2-8743cadfce1b', '2026-05', 199.04, 345, 0, 0, 68668.8, TRUE, '2026-06-16T17:05:52.888Z', '2026-06-17T05:42:32.023Z') ON CONFLICT (id) DO NOTHING;
INSERT INTO salary_records (id, employee_id, month, hours, hourly_rate, bonuses, deductions, total, paid, paid_at, updated_at) VALUES ('2026-05_92be4100-6ef0-514a-8c77-a7ce9c75eb63', '92be4100-6ef0-514a-8c77-a7ce9c75eb63', '2026-05', 161.6, 345, 0, 0, 55752, TRUE, '2026-06-16T17:05:52.888Z', '2026-06-17T05:42:32.023Z') ON CONFLICT (id) DO NOTHING;
INSERT INTO salary_records (id, employee_id, month, hours, hourly_rate, bonuses, deductions, total, paid, paid_at, updated_at) VALUES ('2026-05_0adf6f8b-837c-5475-87b7-59aa4781606a', '0adf6f8b-837c-5475-87b7-59aa4781606a', '2026-05', 248.3, 345, 0, 0, 85663.5, TRUE, '2026-06-16T17:05:52.888Z', '2026-06-17T05:42:32.023Z') ON CONFLICT (id) DO NOTHING;
INSERT INTO salary_records (id, employee_id, month, hours, hourly_rate, bonuses, deductions, total, paid, paid_at, updated_at) VALUES ('2026-05_70347273-6bef-50af-9b69-fb04093f40f7', '70347273-6bef-50af-9b69-fb04093f40f7', '2026-05', 277.06, 345, 0, 0, 95585.7, TRUE, '2026-06-16T17:05:52.888Z', '2026-06-17T05:42:32.023Z') ON CONFLICT (id) DO NOTHING;
INSERT INTO salary_records (id, employee_id, month, hours, hourly_rate, bonuses, deductions, total, paid, paid_at, updated_at) VALUES ('2026-05_7275907b-1fd0-53de-b569-00b5e6ace30a', '7275907b-1fd0-53de-b569-00b5e6ace30a', '2026-05', 206.83, 345, 0, 0, 71356.35, TRUE, '2026-06-16T17:05:52.888Z', '2026-06-17T05:42:32.023Z') ON CONFLICT (id) DO NOTHING;
INSERT INTO salary_records (id, employee_id, month, hours, hourly_rate, bonuses, deductions, total, paid, paid_at, updated_at) VALUES ('2026-05_764ad3e4-b05b-5c48-a973-8422f6083db1', '764ad3e4-b05b-5c48-a973-8422f6083db1', '2026-05', 6.91, 345, 0, 0, 2383.95, FALSE, NULL, '2026-06-17T05:42:32.023Z') ON CONFLICT (id) DO NOTHING;
INSERT INTO salary_records (id, employee_id, month, hours, hourly_rate, bonuses, deductions, total, paid, paid_at, updated_at) VALUES ('2026-05_80bc9112-0c93-5125-a2df-3ba33f77968d', '80bc9112-0c93-5125-a2df-3ba33f77968d', '2026-05', 164.29, 500, 0, 0, 82145, TRUE, '2026-06-16T17:05:52.888Z', '2026-06-17T05:42:32.023Z') ON CONFLICT (id) DO NOTHING;
INSERT INTO salary_records (id, employee_id, month, hours, hourly_rate, bonuses, deductions, total, paid, paid_at, updated_at) VALUES ('2026-05_ab90af6b-b65b-5de6-a58b-c47ace2bb796', 'ab90af6b-b65b-5de6-a58b-c47ace2bb796', '2026-05', 230.49, 345, 0, 0, 79519.05, TRUE, '2026-06-16T17:05:52.888Z', '2026-06-17T05:42:32.023Z') ON CONFLICT (id) DO NOTHING;
INSERT INTO salary_records (id, employee_id, month, hours, hourly_rate, bonuses, deductions, total, paid, paid_at, updated_at) VALUES ('2026-05_9eb3acd0-2e3a-53bd-bcef-3499ab3f304d', '9eb3acd0-2e3a-53bd-bcef-3499ab3f304d', '2026-05', 100.47, 500, 0, 0, 50235, TRUE, '2026-06-16T17:05:52.888Z', '2026-06-17T05:42:32.023Z') ON CONFLICT (id) DO NOTHING;
INSERT INTO salary_records (id, employee_id, month, hours, hourly_rate, bonuses, deductions, total, paid, paid_at, updated_at) VALUES ('2026-05_98dd0e38-1e8f-5bc9-9732-4f2a59899bb3', '98dd0e38-1e8f-5bc9-9732-4f2a59899bb3', '2026-05', 156.56, 345, 0, 0, 54013.2, TRUE, '2026-06-16T17:05:52.888Z', '2026-06-17T05:42:32.023Z') ON CONFLICT (id) DO NOTHING;
